"Permit_ID","Permittee","Mine_Name","Orig_Bond","Curr_Bond","Avail_Bond","Mine_Status","Bond_Status","Highwall_Comp","Highwall_Viol","Highwall_Total","Acres","Issue_Date","Per_Type","Type_Flag","Post_SMCRA","Full_Bond","Highwall_IDs","Highwall_Length","Highwall_Cost_Min","Highwall_Cost_Mid","Highwall_Cost_Max","Min_Deficit","Mid_Deficit","Max_Deficit"
"8670561","4TH GEN FUELS, LLC","",6220400,3451800,3451800,"Actively Producing","Bonded",3100,0,3100,895.6153266,2021-08-06,"PERMANENT","ACT",NA,3451800,"[706, 709, 701]",531.04125875,228185.714003,342278.57106,456371.42801,-3223614.285997,-3109521.42894,-2995428.57199
"8670498","A & G COAL CORPORATION","Job 4",4677900,2169300,2169300,"Surety Reclamation","Bonded",0,5100,5100,698.1770985,2011-12-22,"PERMANENT","ACT",1,2169300,"[661, 662, 664]",1545.91107495,666341.0103283,999511.515538,1332682.020699,-1502958.9896717,-1169788.484462,-836617.979301
"8985097","ADVANCED FUEL CO","",21642,0,0,"Permit Released","Released",NA,NA,NA,1302.705827,1984-08-21,"PERMANENT","INACT",1,0,"[1430, 1429]",674.45152867,203957.348869,305936.023313,407914.697756,203957.348869,305936.023313,407914.697756
"8980652","AEP KENTUCKY COAL LLC","",1971900,0,0,"Permit Released","Released",NA,NA,NA,1086.488903,2002-04-15,"PERMANENT","INACT",1,0,"[1275, 1270]",992.18340246,597458.16777,896187.251679,1194916.335439,597458.16777,896187.251679,1194916.335439
"9180461","AMERICAN HIGHWALL MINING LLC","Corbin By-Pass Mine",151500,151500,151500,"Active Operations","Bonded",0,0,0,194.0353738,2017-09-27,"PERMANENT","ACT",1,151500,"[147]",325.19312118,136500.101918,204750.152858,273000.20383,-14999.898082,53250.152858,121500.20383
"8980602","APEX ENERGY INC","HURRICANE FORK STRIP",2106700,0,0,"Permit Released","Released",NA,NA,NA,671.2389607,2000-10-23,"PERMANENT","INACT",1,0,"[1411]",277.11232367,75844.1633,113766.24495,151688.32661,75844.1633,113766.24495,151688.32661
"8480094","APOGEE COAL COMPANY","",1562400,0,0,"Permit Released","Released",NA,NA,NA,218.7267408,1986-12-18,"PERMANENT","INACT",1,0,"[613]",114.3739669,29261.79467,43892.692,58523.58933,29261.79467,43892.692,58523.58933
"8365626","APPALACHIAN MINING AND RECLAMATION LLC","",246000,0,246000,"Voluntary Forfeiture","Forfeited",NA,NA,NA,96.31017063,2013-04-19,"PERMANENT","INACT",1,246000,"[878]",310.98247592,60484.093395,90726.140083,120968.18678,-185515.906605,-155273.859917,-125031.81322
"8981087","ARC KENTUCKY RESOURCES, LLC","",627500,627500,627500,"Active Operations","Bonded",NA,NA,NA,159.5509592,2021-03-11,"PERMANENT","ACT",NA,627500,"[1103, 1104]",311.7439554,150883.65671,226325.48506,301767.31342,-476616.34329,-401174.51494,-325732.68658
"8981084","ARC KENTUCKY RESOURCES, LLC","",3193600,1012100,1012100,"Active Operations","Bonded",0,4100,4100,556.7499127,2021-08-13,"PERMANENT","ACT",NA,1012100,"[1123, 1111, 1118, 1095, 1121]",1769.42614707,741004.532394,1111506.798575,1482009.064872,-271095.467606,99406.7985749999,469909.064872
"8984668","ARC KENTUCKY RESOURCES, LLC","",650200,99600,99600,"Active Temporary Cessation","Bonded",350,0,350,182.4570641,2021-04-01,"PERMANENT","ACT",NA,99600,"[1105]",376.57837182,145082.3838393,217623.575745,290164.767681,45482.3838393,118023.575745,190564.767681
"8640165","ARGUS ENERGY LLC","",304200,0,0,"Permit Released","Released",NA,NA,NA,106.9526656,2003-04-22,"PERMANENT","INACT",1,0,"[1038]",184.1208663,57680.34445,86520.51668,115360.6889,57680.34445,86520.51668,115360.6889
"8970288","B & G COAL SALES","",449800,0,0,"Permit Released","Released",NA,NA,NA,135.2602735,1987-12-29,"PERMANENT","INACT",1,0,"[291, 294, 295, 296, 293]",881.07012426,314121.88508,471182.82762,628243.77009,314121.88508,471182.82762,628243.77009
"8260681","B & W RESOURCES, INC.","Joshua L. Wagers (Mine #1)",26800,94000,94000,"Non-Disturbed","Bonded",NA,NA,NA,170.2060684,2012-07-03,"PERMANENT","ACT",1,94000,"[252]",118.8323801,49587.37089,74381.05634,99174.74179,-44412.62911,-19618.94366,5174.74179
"8970511","B & W RESOURCES, INC.","Perry Land Job",1836800,115100,0,"Phase I Bond Release","Released",0,0,0,493.7055698,2010-09-23,"PERMANENT","ACT",1,115100,"[459, 472]",1211.82573494,264774.170128,397161.255178,529548.340271,149674.170128,282061.255178,414448.340271
"660089","B W H COAL INC","",74520,9315,65205,"Final Forfeiture","Forfeited",NA,NA,NA,54.08438525,1982-06-14,"INTERIM","INACT",NA,65205,"[312]",102.1481257,37733.03557,56599.55336,75466.07115,-27471.96443,-8605.44664,10261.07115
"8980775","BEECH CREEK COAL COMPANY, LLC","Beech Creek Coal Company, Inc.",7051900,5530100,5530100,"Surety Reclamation","Bonded",160,1340,1500,1150.621916,2010-04-27,"PERMANENT","ACT",1,5530100,"[1497]",87.46823647,35025.30671,52537.96006,70050.61342,-5495074.69329,-5477562.03994,-5460049.38658
"8980537","BELFRY COAL CORPORATION","TURNIP BRANCH MINE",962618,0,0,"Permit Released","Released",NA,NA,NA,417.3678066,1998-07-17,"PERMANENT","INACT",1,0,"[1506, 1507]",245.98046191,161630.391149,242445.586718,323260.782267,161630.391149,242445.586718,323260.782267
"8075277","BLACKJEWEL, L.L.C., BEING RECLAIMED BY INDEMNITY NATIONAL INSURANCE COMPANY","",127700,127700,127700,"Surety Reclamation","Bonded",0,350,350,6390.062513,2019-01-08,"PERMANENT","ACT",NA,127700,"[198, 194, 202, 192]",697.24037106,387037.6588,580556.4883,774075.31765,259337.6588,452856.4883,646375.31765
"8665183","BLACKJEWEL, L.L.C., BEING RECLAIMED BY INDEMNITY NATIONAL INSURANCE COMPANY","",1144600,1144600,1144600,"Surety Reclamation","Bonded",0,700,700,12384.27067,2019-03-19,"PERMANENT","ACT",NA,1144600,"[315]",103.1841198,51807.3172,77710.97581,103614.6344,-1092792.6828,-1066889.02419,-1040985.3656
"8975151","BLUE DIAMOND MINING, LLC","Stratton Fork Mine",323800,161900,161900,"Active Temporary Cessation","Bonded",NA,NA,NA,87.26943453,2015-02-10,"PERMANENT","ACT",1,161900,"[469]",167.3345045,154781.22456,232171.83693,309562.44921,-7118.77544,70271.83693,147662.44921
"8975136","BLUE DIAMOND MINING, LLC","Orchard Branch",204100,103600,103600,"Active Temporary Cessation","Bonded",400,0,400,20.87026347,2015-01-23,"PERMANENT","ACT",1,103600,"[538]",84.35981532,12892.75706,19339.13559,25785.51412,-90707.24294,-84260.86441,-77814.48588
"8600550","BLUE DIAMOND MINING, LLC","",3168400,596500,0,"Phase I Bond Release","Released",NA,NA,NA,1362.403127,2015-03-04,"PERMANENT","ACT",1,596500,"[525]",133.727041,39946.79119,59920.18679,79893.58239,-556553.20881,-536579.81321,-516606.41761
"8480429","BLUEGRASS NATURAL RESOURCES LLC","",1547900,1547900,1547900,"Active Operations","Bonded",NA,NA,NA,262.6417042,2025-07-23,"PERMANENT","ACT",NA,1547900,"[593]",145.36896805,46394.02402,69591.03603,92788.04805,-1501505.97598,-1478308.96397,-1455111.95195
"610122","BRENDA COAL INC","",67200,0,0,"Permit Released","Released",NA,NA,NA,36.9555586,1980-09-22,"INTERIM","INACT",NA,0,"[162]",137.1797524,42914.74099,64372.11148,85829.48197,42914.74099,64372.11148,85829.48197
"8640152","BROKEN RIDGE LLC","",553600,0,0,"Permit Released","Released",NA,NA,NA,368.469038,2001-09-13,"PERMANENT","INACT",1,0,"[965]",144.6675453,52743.35428,79115.03142,105486.70856,52743.35428,79115.03142,105486.70856
"8130139","CABLE COAL COMPANY","",507600,0,0,"Permit Released","Released",NA,NA,NA,78.44325517,1987-10-06,"PERMANENT","INACT",1,0,"[314]",389.70136055,95950.679959,143926.019946,191901.359961,95950.679959,143926.019946,191901.359961
"2070330","CAIRNES COAL CO INC","",159000,0,0,"Permit Released","Released",NA,NA,NA,119.7264738,1979-01-13,"INTERIM","INACT",0,0,"[196, 197]",462.68902922,244447.008329,366670.512483,488894.01661,244447.008329,366670.512483,488894.01661
"610126","CAL GLO COAL INC","",889680,0,0,"Permit Released","Released",NA,NA,NA,293.4949365,1980-11-10,"INTERIM","INACT",NA,0,"[171, 172]",565.76402504,194206.567943,291309.85191,388413.135837,194206.567943,291309.85191,388413.135837
"8980819","CAMBRIAN COAL LLC","Powell Hollow",1972300,1191400,1191400,"Reclamation Only","Bonded",546,0,546,427.3239173,2010-01-05,"PERMANENT","ACT",1,1191400,"[1245, 1236]",423.11668426,160280.14283,240420.21424,320560.28565,-1031119.85717,-950979.78576,-870839.71435
"8980807","CAMBRIAN COAL LLC","Wolfpen Mine",6808300,3795300,3795300,"Reclamation Only","Bonded",0,9954,9954,597.163996,2008-07-03,"PERMANENT","ACT",1,3795300,"[1222, 1220, 1219, 1206, 1216]",1832.4834281,867970.6312812,1301955.94697,1735941.262649,-2927329.3687188,-2493344.05303,-2059358.737351
"8980620","CAMBRIAN COAL LLC","Bevins Fork",5666400,2760900,2760900,"Reclamation Only","Bonded",0,1273,1273,579.331828,2004-03-01,"PERMANENT","ACT",1,2760900,"[1217]",136.53243562,38938.175311,58407.262971,77876.35062,-2721961.824689,-2702492.737029,-2683023.64938
"8980846","CAMBRIAN COAL LLC","Red Creek Mine",547300,521000,521000,"Reclamation Only","Bonded",0,2758,2758,120.627578,2012-06-07,"PERMANENT","ACT",1,521000,"[1194, 1192]",1106.19834946,372462.704562,558694.056876,744925.409129,-148537.295438,37694.056876,223925.409129
"8360468","CARDINAL RECLAMATION COMPANY, LLC","",2166400,445400,0,"Phase II Bond Release","Released",0,0,0,787.3808396,2021-06-23,"PERMANENT","ACT",NA,445400,"[911]",107.2645056,60650.19014,90975.28521,121300.3803,-384749.80986,-354424.71479,-324099.6197
"8360469","CARDINAL RECLAMATION COMPANY, LLC","",815300,12600,0,"Phase II Bond Release","Released",0,0,0,210.5060563,2021-01-06,"PERMANENT","ACT",NA,12600,"[904]",624.44965115,263191.81661,394787.7249,526383.63325,250591.81661,382187.7249,513783.63325
"8365693","CBD RESOURCES, INC.","",871000,871000,871000,"Reclamation Only","Bonded",0,1240,1240,297.1514163,2022-04-22,"PERMANENT","ACT",NA,871000,"[875]",305.46290066,107977.929649,161966.894475,215955.859295,-763022.070351,-709033.105525,-655044.140705
"8075216","CHAS COAL LLC","",81900,0,0,"Permit Released","Released",NA,NA,NA,38.31624167,2005-08-08,"PERMANENT","INACT",1,0,"[287]",168.77491545,55705.67367,83558.510504,111411.34736,55705.67367,83558.510504,111411.34736
"8980010","CHERRY HILL DEVELOPMENT","",2000,0,0,"Permit Released","Released",NA,NA,NA,2.12919848,1983-03-04,"PERMANENT","INACT",1,0,"[1417]",167.68574036,53449.780842,80174.671263,106899.561674,53449.780842,80174.671263,106899.561674
"8984380","CHEYENNE MINING, INC","",78400,36200,0,"Phase I Bond Release","Released",0,0,0,54.99886963,2013-01-10,"PERMANENT","ACT",1,36200,"[1028]",118.94813248,26166.9263319,39250.3894969,52333.8526628,-10033.0736681,3050.3894969,16133.8526628
"8984382","CHEYENNE MINING, INC","Cheyenne Mining - Big Shoal",255900,0,0,"Permit Released","Released",NA,NA,NA,409.1944597,2012-12-26,"PERMANENT","INACT",1,0,"[1059, 1063]",200.85787831,156121.97955,234182.96931,312243.95902,156121.97955,234182.96931,312243.95902
"8984384","CHEYENNE MINING, INC","",194000,0,0,"Permit Released","Released",NA,NA,NA,278.1978033,2012-12-20,"PERMANENT","INACT",1,0,"[1051]",270.50000501,170165.1949,255247.79231,340330.38979,170165.1949,255247.79231,340330.38979
"8984346","CHISHOLM COAL LLC","",29100,0,0,"Permit Released","Released",NA,NA,NA,267.5099481,2009-12-21,"PERMANENT","INACT",1,0,"[1485]",221.79579294,163342.81804,245014.227027,326685.636062,163342.81804,245014.227027,326685.636062
"8985016","CLARK ELKHORN COAL COMPANY","",42600,0,0,"Permit Released","Released",NA,NA,NA,4.14707168,1984-06-01,"PERMANENT","INACT",1,0,"[1090]",99.25670073,55641.76896,83462.65344,111283.5379,55641.76896,83462.65344,111283.5379
"8970383","CLEMONS BROTHERS DEVELOPMENT CO INC","MUDLICK #1",15500,0,0,"Permit Released","Released",NA,NA,NA,37.95499136,1997-01-09,"PERMANENT","INACT",1,0,"[413]",158.42749647,47988.2084,71982.3126,95976.4168,47988.2084,71982.3126,95976.4168
"365006","CLINE BRANCH COAL CO","",32000,0,0,"Permit Released","Released",NA,NA,NA,16.50808984,1979-01-09,"INTERIM","INACT",NA,0,"[970]",292.63133301,78660.338372,117990.507548,157320.676751,78660.338372,117990.507548,157320.676751
"8985928","CLINTWOOD ELKHORN MINING LLC","",394600,0,0,"Permit Released","Released",NA,NA,NA,115.6551256,1997-10-23,"PERMANENT","INACT",0,0,"[1410]",206.14602502,81401.610272,122102.415403,162803.220544,81401.610272,122102.415403,162803.220544
"8981095","CLINTWOOD JOD, LLC","",832700,832700,832700,"Active Operations","Bonded",1600,0,1600,500.6948431,2021-11-30,"PERMANENT","ACT",NA,832700,"[1501]",522.96765236,263483.973678,395225.960469,526967.94734,-569216.026322,-437474.039531,-305732.05266
"8981098","CLINTWOOD JOD, LLC","",1242500,1242500,1242500,"Active Operations","Bonded",2200,3000,5200,207.5470813,2021-11-30,"PERMANENT","ACT",NA,1242500,"[1511, 1499]",1014.77665907,629500.463843,944250.695765,1259000.92753,-612999.536157,-298249.304235,16500.92753
"8981100","CLINTWOOD JOD, LLC","",2500300,2543800,2543800,"Actively Producing","Bonded",4306,2027,6333,607.0199866,2021-11-30,"PERMANENT","ACT",NA,2543800,"[1491, 1477]",1352.52202796,659682.8837685,989524.325658,1319365.767498,-1884117.1162315,-1554275.674342,-1224434.232502
"8981067","CLINTWOOD JOD, LLC","",716500,716500,716500,"Active Operations","Bonded",NA,NA,NA,871.6446903,2020-10-21,"PERMANENT","ACT",NA,716500,"[1440, 1433]",369.70353224,119317.61869,178976.42804,238635.23733,-597182.38131,-537523.57196,-477864.76267
"8981093","CLINTWOOD JOD, LLC","",348000,348000,348000,"Active Operations","Bonded",NA,NA,NA,630.0255499,2021-11-30,"PERMANENT","ACT",NA,348000,"[1421, 1408, 1416]",927.01187847,311608.994295,467413.491438,623217.988628,-36391.005705,119413.491438,275217.988628
"8981082","CLINTWOOD JOD, LLC","",503000,403000,403000,"Reclamation Only","Bonded",NA,NA,NA,410.087199,2021-11-30,"PERMANENT","ACT",NA,403000,"[1345]",185.72547424,54312.48543,81468.72815,108624.97088,-348687.51457,-321531.27185,-294375.02912
"8981096","CLINTWOOD JOD, LLC","",2288300,2288300,2288300,"Active Operations","Bonded",0,5100,5100,513.8184275,2021-11-30,"PERMANENT","ACT",NA,2288300,"[1521, 1515, 1508, 1514, 1517, 1516]",1995.23853695,624922.3592993,937383.538965,1249844.718529,-1663377.6407007,-1350916.461035,-1038455.281471
"8981077","CLINTWOOD JOD, LLC","",1920500,1643000,1643000,"Active Operations","Bonded",0,8915,8915,473.8687846,2021-11-30,"PERMANENT","ACT",NA,1643000,"[1368, 1363, 1371, 1374]",3032.77772534,1119937.000298,1679905.500402,2239874.000655,-523062.999702,36905.5004019998,596874.000655
"8981088","CLINTWOOD JOD, LLC","",2989700,2972900,2972900,"Active Operations","Bonded",0,8387,8387,901.0541612,2021-11-30,"PERMANENT","ACT",NA,2972900,"[1402, 1401, 1398, 1381, 1393]",3644.59593673,1981326.033285,2971989.050117,3962652.066417,-991573.966715,-910.949882999528,989752.066416999
"8981091","CLINTWOOD JOD, LLC","",724000,339000,339000,"Active Operations","Bonded",0,0,0,401.8021411,2021-11-30,"PERMANENT","ACT",NA,339000,"[1367]",192.56654547,97273.44089,145910.16133,194546.88174,-241726.55911,-193089.83867,-144453.11826
"8981090","CLINTWOOD JOD, LLC","",1555500,1442500,1442500,"Active Operations","Bonded",0,550,550,58.45194894,2021-11-30,"PERMANENT","ACT",NA,1442500,"[1449]",111.385203,26706.02461,40059.03692,53412.04922,-1415793.97539,-1402440.96308,-1389087.95078
"8981099","CLINTWOOD JOD, LLC","",1192900,742900,742900,"Active Operations","Bonded",0,1500,1500,276.4859241,2021-11-30,"PERMANENT","ACT",NA,742900,"[1382]",412.70827912,216994.28698,325491.43049,433988.57395,-525905.71302,-417408.56951,-308911.42605
"8984678","CLINTWOOD JOD, LLC","",130900,130900,130900,"Active Temporary Cessation","Bonded",500,0,500,22.51835744,2021-11-30,"PERMANENT","ACT",NA,130900,"[1434]",99.98911914,40095.45135,60143.17703,80190.9027,-90804.54865,-70756.82297,-50709.0973
"8984687","CLINTWOOD JOD, LLC","",1706600,306600,306600,"Active Temporary Cessation","Bonded",500,0,500,428.0863814,2021-11-30,"PERMANENT","ACT",NA,306600,"[1321]",352.38622541,109957.45692,164936.18538,219914.91385,-196642.54308,-141663.81462,-86685.08615
"8984673","CLINTWOOD JOD, LLC","",125300,125300,125300,"Active Temporary Cessation","Bonded",500,0,500,45.43563818,2021-11-30,"PERMANENT","ACT",NA,125300,"[1419]",169.22272891,46519.382822,69779.074223,93038.765631,-78780.617178,-55520.925777,-32261.234369
"485070","CLOVER COAL CO INC","",13000,0,0,"Permit Released","Released",NA,NA,NA,34.22745487,1980-09-23,"INTERIM","INACT",NA,0,"[441]",168.34886242,90149.2139,135223.82086,180298.42777,90149.2139,135223.82086,180298.42777
"8485335","CNS MINING INC","P & K MINING CORP",48200,0,48200,"Final Forfeiture","Forfeited",NA,NA,NA,2552.243586,1996-01-12,"PERMANENT","INACT",1,48200,"[508]",105.17804939,43887.39941,65831.09911,87774.79882,-4312.60059,17631.09911,39574.79882
"4800108","CODY DEVELOPMENT","",77500,0,0,"Permit Released","Released",NA,NA,NA,43.61429105,1984-05-22,"PERMANENT","INACT",1,0,"[1089]",91.4550196,30213.68462,45320.52693,60427.36925,30213.68462,45320.52693,60427.36925
"800040","COLE & COLE INC","",318990,0,0,"Permit Released","Released",NA,NA,NA,462.1327844,1980-02-18,"INTERIM","INACT",NA,0,"[1112]",156.40533262,72823.6373,109235.45595,145647.27461,72823.6373,109235.45595,145647.27461
"8670422","COOK AND SONS MINING INC","",138000,0,0,"Permit Released","Released",NA,NA,NA,67.60928149,2001-04-25,"PERMANENT","INACT",1,0,"[740]",64.61256206,27674.58987,41511.88481,55349.17975,27674.58987,41511.88481,55349.17975
"8605240","COOK AND SONS MINING INC","",435600,0,0,"Permit Released","Released",NA,NA,NA,141.0499422,2001-10-23,"PERMANENT","INACT",1,0,"[612]",153.00078217,73908.93838,110863.40757,147817.87679,73908.93838,110863.40757,147817.87679
"8980389","CORBIN MINING, LLC","",1363200,259000,259000,"Reclamation Only","Bonded",0,2770,2770,302.3458407,1993-02-12,"PERMANENT","ACT",1,259000,"[1478, 1460]",741.54169526,783088.65344,1174632.980294,1566177.307063,524088.65344,915632.980294,1307177.307063
"6675056","CRESCENT ENERGY INC","",100700,0,100700,"Final Forfeiture","Forfeited",NA,NA,NA,20.9474605,1984-07-12,"PERMANENT","INACT",1,100700,"[836]",331.6272637,114713.69082,172070.53623,229427.38165,14013.69082,71370.53623,128727.38165
"8675136","CUMBERLAND RIVER COAL COMPANY","OVEN FORK MINE",6202300,0,0,"Permit Released","Released",NA,NA,NA,5461.105129,1991-11-27,"PERMANENT","INACT",1,0,"[723, 716, 780]",382.16406907,272245.531138,408368.29674,544491.06229,272245.531138,408368.29674,544491.06229
"8800194","CZAR COAL CORPORATION","CZAR COAL CORPORATION",370500,453500,453500,"Active Operations","Bonded",2400,0,2400,152.1369381,2017-10-18,"PERMANENT","ACT",1,453500,"[968]",108.5988591,56922.14129,85383.21193,113844.2826,-396577.85871,-368116.78807,-339655.7174
"8800163","CZAR COAL CORPORATION","LAUREL FORK",2705500,1320700,1320700,"Suspended","Bonded",NA,NA,NA,898.5990819,2006-12-11,"PERMANENT","ACT",1,1320700,"[984, 1017]",236.0318866,108542.98622,162814.47932,217085.97247,-1212157.01378,-1157885.52068,-1103614.02753
"8800117","CZAR COAL CORPORATION","PEVLER COMPLEX",4207600,685800,0,"Phase I Bond Release","Released",NA,NA,NA,451.8598165,1996-05-09,"PERMANENT","ACT",1,685800,"[939, 930]",767.94614183,406725.83974,610088.759635,813451.67954,-279074.16026,-75711.240365,127651.67954
"8800115","CZAR COAL CORPORATION","ENOXY COAL INC",602300,0,0,"Permit Released","Released",NA,NA,NA,134.9340146,1996-10-22,"PERMANENT","INACT",1,0,"[1021]",215.1469456,74760.77174,112141.15761,149521.54348,74760.77174,112141.15761,149521.54348
"8800118","CZAR COAL CORPORATION","LITTLE BEECH #1",152200,0,0,"Permit Released","Released",NA,NA,NA,333.7241945,1996-04-30,"PERMANENT","INACT",1,0,"[940]",158.73819262,82027.05047,123040.57572,164054.1009,82027.05047,123040.57572,164054.1009
"8580236","D & J COAL COMPANY LLC","D&J Coal Company, LLC",9824200,4228900,4228900,"Actively Producing","Bonded",2590,0,2590,1479.074113,2010-09-09,"PERMANENT","ACT",1,4228900,"[743]",315.44143583,215102.068395,322653.102669,430204.136822,-4013797.931605,-3906246.897331,-3798695.863178
"8320068","D & J COAL COMPANY LLC","D & J Coal Company, LLC.",694400,0,0,"Permit Released","Released",NA,NA,NA,213.647178,2015-05-13,"PERMANENT","INACT",1,0,"[1262]",169.11586187,106437.794,159656.69103,212875.588,106437.794,159656.69103,212875.588
"8675300","DEANE MINING LLC","Mill Creek Operation",1501800,422500,422500,"Suspended","Bonded",0,840,840,8463.520955,2008-09-19,"PERMANENT","ACT",1,422500,"[690, 738, 750, 737, 714, 704, 728]",1522.62500518,601976.13556,902964.203371,1203952.271048,179476.13556,480464.203371,781452.271048
"8670480","DEANE MINING LLC","",298600,0,0,"Permit Released","Released",NA,NA,NA,185.7249617,2008-06-03,"PERMANENT","INACT",1,0,"[782]",334.16019905,117826.568851,176739.853272,235653.137733,117826.568851,176739.853272,235653.137733
"8670482","DEANE MINING LLC","",1720500,0,0,"Permit Released","Released",NA,NA,NA,470.8113574,2008-09-22,"PERMANENT","INACT",1,0,"[788]",501.00095264,217479.03637,326218.55457,434958.07281,217479.03637,326218.55457,434958.07281
"8480215","DEBRA LYNN COALS INC","",15121,0,0,"Permit Released","Released",NA,NA,NA,113.4136198,2001-08-28,"PERMANENT","INACT",1,0,"[352]",165.01841427,66154.90351,99232.35527,132309.80703,66154.90351,99232.35527,132309.80703
"8480132","DEBRA LYNN COALS INC","DEBRA LYNN COALS INC",108600,0,0,"Permit Released","Released",NA,NA,NA,51.79201913,1989-12-27,"PERMANENT","INACT",1,0,"[319]",122.9427511,65166.833,97750.2495,130333.666,65166.833,97750.2495,130333.666
"8368094","DFM PROCESSING LLC","",814500,814500,814500,"Active Operations","Bonded",NA,NA,NA,86.80201812,2024-02-23,"PERMANENT","ACT",NA,814500,"[655]",255.31634982,100108.626209,150162.939307,200217.252421,-714391.373791,-664337.060693,-614282.747579
"8130160","DIAMOND MAY COAL COMPANY","DIAMOND MAY COAL CO",1011432,0,0,"Permit Released","Released",NA,NA,NA,151.2297156,1989-12-28,"PERMANENT","INACT",1,0,"[412, 415]",634.50369592,453918.791817,680878.187741,907837.58362,453918.791817,680878.187741,907837.58362
"8480231","DIXIE FUEL COMPANY LLC","High Splint Strip",2522000,198400,198400,"Reclamation Only","Bonded",425,0,425,1390.605355,2003-12-03,"PERMANENT","ACT",1,198400,"[548, 517, 531]",692.61878912,363463.528468,545195.29273,726927.057044,165063.528468,346795.29273,528527.057044
"8770243","DONE RIGHT RECLAMATION, LLC","",2872700,2832300,2832300,"Active Operations","Bonded",8800,0,8800,700.4511893,2023-09-28,"PERMANENT","ACT",NA,2832300,"[616, 615, 611, 607]",453.39790418,220343.385124,330515.077662,440686.770299,-2611956.614876,-2501784.922338,-2391613.229701
"8070464","DOUBLE MOUNTAIN MINING, LLC","",7051700,6401700,6401700,"Active Operations","Bonded",800,4000,4800,2670.582589,2018-02-28,"PERMANENT","ACT",1,6401700,"[178, 179, 181]",740.83296846,355406.522902,533109.784356,710813.045831,-6046293.477098,-5868590.215644,-5690886.954169
"8360475","ELK HORN RESOURCES LLC","",581600,454000,454000,"Actively Producing","Bonded",1435,0,1435,64.9009403,2023-09-19,"PERMANENT","ACT",NA,454000,"[857]",96.65128962,28760.4564,43140.6846,57520.91281,-425239.5436,-410859.3154,-396479.08719
"8770228","EMBER ENERGY LLC","",1675700,304200,304200,"Surety Reclamation","Bonded",0,0,0,652.7672677,2015-12-07,"PERMANENT","ACT",1,304200,"[565, 562]",682.48859628,176699.422572,265049.133867,353398.845153,-127500.577428,-39150.866133,49198.845153
"8770224","EMBER ENERGY LLC","Right Oakley",6021600,1929800,1929800,"Surety Reclamation","Bonded",0,0,0,1457.062405,2016-02-22,"PERMANENT","ACT",1,1929800,"[551]",333.64713013,104597.226053,156895.839079,209194.452106,-1825202.773947,-1772904.160921,-1720605.547894
"8989164","EMPIRE COAL PROCESSING LLC","Point Rock Refuse Disposal",1158200,0,1158200,"Final Forfeiture","Forfeited",NA,NA,NA,217.3366598,2013-03-21,"PERMANENT","INACT",1,1158200,"[1470, 1466, 1467]",493.4815854,215927.451332,323891.176962,431854.902683,-942272.548668,-834308.823038,-726345.097317
"4480042","ENERGY PRODUCERS ASSC INC","",27400,0,27400,"Final Forfeiture","Forfeited",NA,NA,NA,29.97287036,1984-10-08,"PERMANENT","INACT",1,27400,"[299]",76.42674762,24892.07242,37338.10863,49784.14485,-2507.92758,9938.10863,22384.14485
"8670499","ENGLE HOLLOW MINING, LLC","",127700,0,127700,"Final Forfeiture","Forfeited",NA,NA,NA,42.71239412,2009-09-17,"PERMANENT","INACT",1,127700,"[823, 829]",398.99577391,286374.593074,429561.889626,572749.18616,158674.593074,301861.889626,445049.18616
"8670437","ENTERPRISE MINING COMPANY LLC","MILL BRANCH HIGHWALL MINE",174600,0,0,"Permit Released","Released",NA,NA,NA,171.7688486,2004-01-15,"PERMANENT","INACT",1,0,"[629]",216.5866816,163671.78188,245507.67282,327343.56376,163671.78188,245507.67282,327343.56376
"8670445","ENTERPRISE MINING COMPANY LLC","",831800,0,0,"Permit Released","Released",NA,NA,NA,1372.05441,2003-07-16,"PERMANENT","INACT",1,0,"[640]",138.5921973,79267.675692,118901.513509,158535.35134,79267.675692,118901.513509,158535.35134
"8070385","EVANS COAL CORP","Tinsley Mine",516700,0,0,"Permit Released","Released",NA,NA,NA,261.7064947,2010-09-01,"PERMANENT","INACT",1,0,"[209]",162.08568372,59980.39689,89970.59533,119960.79378,59980.39689,89970.59533,119960.79378
"8610578","FERROGLOBE USA MINING, LLC","",1772600,1082100,1082100,"Actively Producing","Bonded",350,0,350,439.9927996,2023-11-13,"PERMANENT","ACT",NA,1082100,"[164]",420.3301887,178598.07406,267897.111086,357196.14813,-903501.92594,-814202.888914,-724903.85187
"9180472","FERROGLOBE USA MINING, LLC","Colonel Hollow",944100,0,0,"Permit Released","Released",NA,NA,NA,436.0752813,2015-03-24,"PERMANENT","INACT",1,0,"[154, 155, 156]",929.19840632,343857.816972,515786.725467,687715.633903,343857.816972,515786.725467,687715.633903
"670106","FOUR ADAMS COAL CO INC","",15960,0,15960,"Final Forfeiture","Forfeited",NA,NA,NA,9.66111355,1982-05-20,"INTERIM","INACT",NA,15960,"[784]",417.0168697,129209.41905,193814.12856,258418.83807,113249.41905,177854.12856,242458.83807
"8360392","FRASURE CREEK MINING LLC","",320900,0,0,"Permit Released","Released",NA,NA,NA,173.2472615,2011-06-20,"PERMANENT","INACT",1,0,"[761]",141.9485335,61248.46223,91872.69334,122496.9245,61248.46223,91872.69334,122496.9245
"8640211","GAP MINERALS LLC","",159500,0,159500,"Final Forfeiture","Forfeited",NA,NA,NA,209.477393,2008-07-01,"PERMANENT","INACT",1,159500,"[619]",145.15415094,44624.82951,66937.24426,89249.65902,-114875.17049,-92562.75574,-70250.34098
"9180034","GATLIFF COAL COMPANY","",298400,0,0,"Permit Released","Released",NA,NA,NA,28.05265785,1983-12-02,"PERMANENT","INACT",1,0,"[166]",152.11180958,52498.99015,78748.48522,104997.98029,52498.99015,78748.48522,104997.98029
"8660265","H & R COAL COMPANY","MINE NO 1",50200,0,0,"Permit Released","Released",NA,NA,NA,37.71978891,2004-10-18,"PERMANENT","INACT",1,0,"[308]",435.85556097,155765.30036,233647.95053,311530.60071,155765.30036,233647.95053,311530.60071
"8670301","H T H COAL CORP","H T H COAL CORP",335000,0,0,"Permit Released","Released",NA,NA,NA,135.6060192,1988-09-09,"PERMANENT","INACT",1,0,"[757, 762, 764, 766, 771, 778]",1862.59552622,594809.92356,892214.88536,1189619.84711,594809.92356,892214.88536,1189619.84711
"8980519","HNR MINING INC","BRUSHY FORK",4204978,0,0,"Permit Released","Released",NA,NA,NA,1290.190745,1998-07-29,"PERMANENT","INACT",1,0,"[1203, 1199]",673.76381086,426599.56052,639899.34082,853199.12118,426599.56052,639899.34082,853199.12118
"8670341","HOLBROOK MINING COMPANY INC","HOLBROOK MINE",737800,0,0,"Permit Released","Released",NA,NA,NA,213.8102345,1992-05-28,"PERMANENT","INACT",1,0,"[787]",182.08505591,75018.65934,112527.989,150037.31867,75018.65934,112527.989,150037.31867
"8607017","ICG HAZARD LLC","Haul Road",2460000,1230000,1230000,"Active Operations","Bonded",NA,NA,NA,483.9087163,2015-01-23,"PERMANENT","ACT",1,1230000,"[543]",250.91595137,99661.80228,149492.70341,199323.60456,-1130338.19772,-1080507.29659,-1030676.39544
"8970588","ICG HAZARD LLC","",502100,91900,91900,"Non-Disturbed","Bonded",NA,NA,NA,612.1750996,2014-04-16,"PERMANENT","ACT",1,91900,"[400, 404, 399]",777.91949035,422409.59609,633614.39419,844819.19226,330509.59609,541714.39419,752919.19226
"8970583","ICG HAZARD LLC","East Mac & Nellie",7456100,96700,0,"Phase I Bond Release","Released",NA,NA,NA,953.5337318,2014-04-30,"PERMANENT","ACT",1,96700,"[486, 490]",557.66655708,333119.718495,499679.577732,666239.4371,236419.718495,402979.577732,569539.4371
"8480283","INFINITY ENERGY, INC","Opossum Hollow Surface Mine",4799100,5215000,5215000,"Revoked","Bonded",0,6100,6100,763.7164492,2013-01-14,"PERMANENT","ACT",1,5215000,"[372, 368, 367]",1551.46355324,551441.061337,827161.592008,1102882.122684,-4663558.938663,-4387838.407992,-4112117.877316
"8485630","INMET MINING, LLC","",198000,214800,214800,"Active Operations","Bonded",100,0,100,384.9004962,2022-03-10,"PERMANENT","ACT",NA,214800,"[585]",262.23885345,62829.99168,94244.98751,125659.98335,-151970.00832,-120555.01249,-89140.01665
"8485618","INMET MINING, LLC","",305000,305000,305000,"Actively Producing","Bonded",630,0,630,50.57979878,2022-03-01,"PERMANENT","ACT",NA,305000,"[636]",188.21531342,33515.90113,50273.85169,67031.80225,-271484.09887,-254726.14831,-237968.19775
"8485634","INMET MINING, LLC","",285500,285500,285500,"Actively Producing","Bonded",585,0,585,46.82702358,2022-04-07,"PERMANENT","ACT",NA,285500,"[592, 581]",194.33490354,164091.95685,246137.93528,328183.9137,-121408.04315,-39362.06472,42683.9137
"8480413","INMET MINING, LLC","",541000,541000,541000,"Reclamation Only","Bonded",NA,NA,NA,2421.723807,2022-10-06,"PERMANENT","ACT",NA,541000,"[328, 329, 331, 325, 324]",681.35420528,287893.110206,431839.665288,575786.220411,-253106.889794,-109160.334712,34786.220411
"8485635","INMET MINING, LLC","",1245800,1245800,1245800,"Active Operations","Bonded",350,0,350,10557.58398,2022-06-15,"PERMANENT","ACT",NA,1245800,"[577]",156.13350574,44972.40093,67458.60139,89944.80185,-1200827.59907,-1178341.39861,-1155855.19815
"8480392","INMET MINING, LLC","",618800,618800,618800,"Active Operations","Bonded",350,0,350,151.6577242,2022-04-19,"PERMANENT","ACT",NA,618800,"[580]",99.51190151,18753.16156,28129.74234,37506.32312,-600046.83844,-590670.25766,-581293.67688
"8130081","JACKSON EXCAVATING CO INC","",2000,0,0,"Permit Released","Released",NA,NA,NA,4.75219075,1984-11-19,"PERMANENT","INACT",1,0,"[327]",145.17804553,48357.70178,72536.55267,96715.40356,48357.70178,72536.55267,96715.40356
"8580206","JOHNSON-FLOYD COAL COMPANY LLC","JOHNSON-FLOYD COAL COMPANY LLC",966100,0,966100,"Final Forfeiture","Forfeited",NA,NA,NA,327.3871159,2007-02-26,"PERMANENT","INACT",1,966100,"[697, 694, 699]",576.67140448,315712.506183,473568.759253,631425.01228,-650387.493817,-492531.240747,-334674.98772
"8580218","JOHNSON-FLOYD COAL COMPANY LLC","JOHNSON-FLOYD COAL COMPANY",175400,0,175400,"Final Forfeiture","Forfeited",NA,NA,NA,122.5208934,2009-08-28,"PERMANENT","INACT",1,175400,"[689]",197.99808499,180595.92733,270893.89099,361191.8547,5195.92733000001,95493.89099,185791.8547
"670119","JOSEPH MINING INC","",13800,0,13800,"Final Forfeiture","Forfeited",NA,NA,NA,8.55287473,1982-06-17,"INTERIM","INACT",NA,13800,"[539]",98.6099254,21775.374532,32663.0618,43550.74906,7975.374532,18863.0618,29750.74906
"8480410","JRL COAL INC","",330500,330500,330500,"Active Operations","Bonded",1075,0,1075,602.3881728,2020-06-19,"PERMANENT","ACT",NA,330500,"[444]",369.42939125,104878.39994,157317.59989,209756.79985,-225621.60006,-173182.40011,-120743.20015
"8480375","JRL COAL INC","Multi-Seam #2",2209900,1871600,1871600,"Active Operations","Bonded",250,1200,1450,528.2725882,2017-12-22,"PERMANENT","ACT",1,1871600,"[466, 460]",486.37158415,341642.63527,512463.95281,683285.2705,-1529957.36473,-1359136.04719,-1188314.7295
"8485588","JRL COAL INC","",231100,231100,231100,"Active Temporary Cessation","Bonded",900,0,900,55.81918573,2017-09-11,"PERMANENT","ACT",1,231100,"[389, 392]",414.44250392,163586.086436,245379.129669,327172.172873,-67513.913564,14279.129669,96072.172873
"8485615","JRL COAL INC","",373300,617600,617600,"Active Operations","Bonded",0,950,950,241.408757,2018-06-27,"PERMANENT","ACT",NA,617600,"[477, 487]",474.65611589,171987.802981,257981.704466,343975.60597,-445612.197019,-359618.295534,-273624.39403
"8075307","KAMCO LLC","",739600,739600,739600,"Suspended","Bonded",NA,NA,NA,380.5487871,2021-07-07,"PERMANENT","ACT",NA,739600,"[282]",381.13655629,112514.68891,168772.03336,225029.37782,-627085.31109,-570827.96664,-514570.62218
"8610553","KAMCO LLC","",277200,138600,138600,"Suspended","Bonded",0,0,0,122.4485566,2018-01-03,"PERMANENT","ACT",1,138600,"[180, 182]",284.3437457,114352.71535,171529.07302,228705.43067,-24247.28465,32929.07302,90105.43067
"970122","KEM COAL COMPANY","",2311200,0,0,"Permit Released","Released",NA,NA,NA,1637.515737,1982-07-19,"INTERIM","INACT",NA,0,"[408]",169.9465287,58334.84063,87502.26094,116669.68125,58334.84063,87502.26094,116669.68125
"985059","KENERCO CORPORATION","",14000,0,0,"Permit Released","Released",NA,NA,NA,5.19937767,1979-08-15,"INTERIM","INACT",NA,0,"[1157]",370.6437661,134817.288952,202225.933403,269634.57788,134817.288952,202225.933403,269634.57788
"8980884","KENTUCKY FUEL CORPORATION","Bevins Branch Surface Mine",6616000,5002800,5002800,"Surety Reclamation","Bonded",2940,950,3890,1509.702339,2013-04-19,"PERMANENT","ACT",1,5002800,"[1251]",602.55610452,313263.760387,469895.640674,626527.52089,-4689536.239613,-4532904.359326,-4376272.47911
"8600504","KENTUCKY FUEL CORPORATION","",874600,574600,574600,"Surety Reclamation","Bonded",NA,NA,NA,738.9608976,2011-02-15,"PERMANENT","ACT",1,574600,"[700]",122.0826787,79837.35954,119756.0393,159674.7191,-494762.64046,-454843.9607,-414925.2809
"8600505","KENTUCKY FUEL CORPORATION","Yellow Mountain Job",2123400,1983300,1983300,"Surety Reclamation","Bonded",0,4700,4700,628.5750289,2010-09-02,"PERMANENT","ACT",1,1983300,"[605, 625]",611.31842288,233130.875908,349696.313879,466261.75183,-1750169.124092,-1633603.686121,-1517038.24817
"8770207","KENTUCKY FUEL CORPORATION","Bull Creek Surface Mine",1411600,2272300,2272300,"Surety Reclamation","Bonded",0,5396,5396,403.1174856,2010-12-10,"PERMANENT","ACT",1,2272300,"[602, 610, 617]",1994.46263712,779054.37553,1168581.56328,1558108.751111,-1493245.62447,-1103718.43672,-714191.248889
"8640109","KENTUCKY MAY COAL COMPANY INC","GEORGE'S CREEK #1",26280,0,0,"Permit Released","Released",NA,NA,NA,23.92231191,1990-03-22,"PERMANENT","INACT",1,0,"[870]",298.81233561,94249.35771,141374.03656,188498.71542,94249.35771,141374.03656,188498.71542
"8770122","KENTUCKY MAY COAL COMPANY INC","OAKLEY CREEK STRIP",3432300,0,0,"Permit Released","Released",NA,NA,NA,334.0697358,1991-04-29,"PERMANENT","INACT",1,0,"[560]",166.05003905,46677.57166,70016.35748,93355.14331,46677.57166,70016.35748,93355.14331
"8675354","KINGDOM COAL LLC","",390600,195300,195300,"Revoked","Bonded",350,0,350,46.87686202,2018-06-01,"PERMANENT","ACT",1,195300,"[727]",78.77119619,40127.43497,60191.15246,80254.86994,-155172.56503,-135108.84754,-115045.13006
"8605397","KNOTT COUNTY COAL, LLC","",75000,75000,75000,"Suspended","Bonded",0,155,155,21.93143078,2016-05-16,"PERMANENT","ACT",1,75000,"[705]",159.26273702,55695.642474,83543.463726,111391.28496,-19304.357526,8543.463726,36391.28496
"8365516","LA ENERGY, LLC","",49400,0,49400,"Final Forfeiture","Forfeited",NA,NA,NA,9.81695559,2007-01-11,"PERMANENT","INACT",1,49400,"[777]",84.14817128,29907.77342,44861.66013,59815.54684,-19492.22658,-4538.33987,10415.54684
"8980856","LANDMARK MINING COMPANY INC","",949300,713200,713200,"Coal Market Deferment","Bonded",1657,0,1657,941.339899,2019-12-03,"PERMANENT","ACT",NA,713200,"[1204]",181.39849024,70845.98722,106268.98084,141691.97445,-642354.01278,-606931.01916,-571508.02555
"8984138","LANDMARK MINING COMPANY INC","BEAR FORK AMBURGY #1",191000,105500,105500,"Active Temporary Cessation","Bonded",200,0,200,16.1641091,2001-09-12,"PERMANENT","ACT",1,105500,"[994]",104.83975651,34421.679581,51632.519376,68843.35916,-71078.320419,-53867.480624,-36656.64084
"8980941","LANDMARK MINING COMPANY INC","",107500,107500,107500,"Active Operations","Bonded",NA,NA,NA,1186.995324,2019-07-26,"PERMANENT","ACT",0,107500,"[1016]",231.4648102,97449.01071,146173.51608,194898.02145,-10050.98929,38673.51608,87398.02145
"8984329","LANDMARK MINING COMPANY INC","LICKLOG",103700,89000,89000,"Active Temporary Cessation","Bonded",400,0,400,14.65131238,2010-12-20,"PERMANENT","ACT",1,89000,"[1032]",111.2725099,80947.07768,121420.6165,161894.1554,-8052.92232,32420.6165,72894.1554
"8600048","LARRY CAUDILL","",2000,0,2000,"Final Forfeiture","Forfeited",NA,NA,NA,393.0144722,1983-07-22,"PERMANENT","INACT",1,2000,"[575]",183.72329108,83096.50228,124644.75342,166193.00452,81096.50228,122644.75342,164193.00452
"8970461","LCC KENTUCKY LLC","",299000,0,0,"Permit Released","Released",NA,NA,NA,325.8448173,2005-10-03,"PERMANENT","INACT",1,0,"[518, 513]",968.78237339,369244.445803,553866.6688,738488.89172,369244.445803,553866.6688,738488.89172
"8800172","LCC KENTUCKY LLC","",2945600,0,0,"Permit Released","Released",NA,NA,NA,722.8712376,2006-09-28,"PERMANENT","INACT",1,0,"[1189, 1181]",527.13152283,256684.05432,385026.08152,513368.10873,256684.05432,385026.08152,513368.10873
"8970460","LCC KENTUCKY LLC","",942000,0,0,"Permit Released","Released",NA,NA,NA,619.5580689,2006-01-20,"PERMANENT","INACT",1,0,"[516]",99.48122138,71821.63557,107732.4533,143643.2711,71821.63557,107732.4533,143643.2711
"8984253","LCC KENTUCKY LLC","",1803800,0,0,"Permit Released","Released",NA,NA,NA,593.5599124,2005-12-19,"PERMANENT","INACT",1,0,"[1329]",140.01301639,48871.75735,73307.63602,97743.5147,48871.75735,73307.63602,97743.5147
"8980765","LCC KENTUCKY LLC","",354200,0,0,"Permit Released","Released",NA,NA,NA,155.5026798,2006-01-31,"PERMANENT","INACT",1,0,"[1420]",168.59029737,72364.36439,108546.54658,144728.72877,72364.36439,108546.54658,144728.72877
"260084","LEGEND COAL CO INC","",155940,0,155940,"Final Forfeiture","Forfeited",NA,NA,NA,42.01186923,1980-02-26,"INTERIM","INACT",NA,155940,"[208]",240.05235039,83904.35272,125856.52909,167808.70545,-72035.64728,-30083.47091,11868.70545
"8970298","LESLIE RESOURCES INC","MINE NO 1",2488200,0,0,"Permit Released","Released",NA,NA,NA,554.3274147,1988-12-12,"PERMANENT","INACT",1,0,"[326]",311.75087395,202410.93897,303616.40839,404821.87788,202410.93897,303616.40839,404821.87788
"8984620","LEXINGTON COAL COMPANY, LLC","",75800,75800,75800,"Suspended","Bonded",625,0,625,22.66888365,2018-12-04,"PERMANENT","ACT",1,75800,"[1571]",306.67009771,206571.727369,309857.591,413143.45478,130771.727369,234057.591,337343.45478
"8800269","LEXINGTON COAL COMPANY, LLC","",153700,56000,56000,"Suspended","Bonded",NA,NA,NA,789.5755026,2018-04-26,"PERMANENT","ACT",1,56000,"[1151]",98.84721414,27625.2732694,41437.909898,55250.546537,-28374.7267306,-14562.090102,-749.453463000005
"8807047","LEXINGTON COAL COMPANY, LLC","",763000,381500,381500,"Suspended","Bonded",NA,NA,NA,133.2689944,2018-12-05,"PERMANENT","ACT",1,381500,"[1185, 1188]",520.90203875,227332.290111,340998.435186,454664.580201,-154167.709889,-40501.5648139999,73164.580201
"8807046","LEXINGTON COAL COMPANY, LLC","",565000,282500,282500,"Suspended","Bonded",NA,NA,NA,108.9836072,2018-12-04,"PERMANENT","ACT",1,282500,"[1223, 1201]",497.99028735,502279.07023,753418.60547,1004558.14048,219779.07023,470918.60547,722058.14048
"8800274","LEXINGTON COAL COMPANY, LLC","",2008200,1053100,1053100,"Suspended","Bonded",NA,NA,NA,531.0174652,2018-12-05,"PERMANENT","ACT",1,1053100,"[1072]",259.85146008,156419.53351,234629.30029,312839.06703,-896680.46649,-818470.69971,-740260.93297
"8800276","LEXINGTON COAL COMPANY, LLC","",5629200,2814600,2814600,"Suspended","Bonded",NA,NA,NA,1230.993249,2018-12-04,"PERMANENT","ACT",1,2814600,"[1191, 1193, 1183]",784.98043485,527621.09803,791431.64698,1055242.19602,-2286978.90197,-2023168.35302,-1759357.80398
"8981016","LEXINGTON COAL COMPANY, LLC","",8872000,8872000,8872000,"Suspended","Bonded",0,3700,3700,1912.829611,2018-12-11,"PERMANENT","ACT",1,8872000,"[1551, 1505]",262.62861837,76613.344796,114920.0172,153226.6896,-8795386.655204,-8757079.9828,-8718773.3104
"8800278","LEXINGTON COAL COMPANY, LLC","",3847700,2023600,2023600,"Suspended","Bonded",0,4100,4100,795.9199877,2018-12-05,"PERMANENT","ACT",1,2023600,"[1224]",120.5724202,49713.5097,74570.26455,99427.0194,-1973886.4903,-1949029.73545,-1924172.9806
"8970610","LIBERTY MANAGEMENT LLC","LM 8",2072900,171500,0,"Phase I Bond Release","Released",0,0,0,217.4066892,2015-11-05,"PERMANENT","ACT",1,171500,"[495, 494]",394.65033591,100404.97904,150607.46856,200809.95806,-71095.02096,-20892.53144,29309.95806
"8360459","LIBERTY MANAGEMENT LLC","MINE F2 (DRY BRANCH)",3489500,0,0,"Permit Released","Released",NA,NA,NA,814.7968539,2015-11-05,"PERMANENT","INACT",1,0,"[924]",204.3943675,76463.97827,114695.96739,152927.95652,76463.97827,114695.96739,152927.95652
"8980989","LIBERTY MANAGEMENT LLC","",2016900,0,0,"Permit Released","Released",NA,NA,NA,1280.14206,2015-11-05,"PERMANENT","INACT",1,0,"[1018]",70.30140061,42409.80784,63614.71176,84819.61568,42409.80784,63614.71176,84819.61568
"260137","LITTLE GOOSE COAL CO INC","",158280,0,158280,"Final Forfeiture","Forfeited",NA,NA,NA,69.0436053,1981-03-18,"INTERIM","INACT",NA,158280,"[215]",341.88313824,154339.00165,231508.5025,308678.00333,-3940.99835000001,73228.5025,150398.00333
"8360254","LOCUST GROVE INC","Locust Grove, Inc. - 836-0254",406000,28100,0,"Phase I Bond Release","Released",NA,NA,NA,156.0118587,1994-09-01,"PERMANENT","ACT",1,28100,"[758]",124.6891673,34487.87992,51731.81989,68975.75985,6387.87992,23631.81989,40875.75985
"8970415","LOCUST GROVE INC","BUFFALO NO 6 MINE",1200800,0,0,"Permit Released","Released",NA,NA,NA,345.0549774,1999-04-15,"PERMANENT","INACT",1,0,"[481, 484]",404.94468316,95512.391224,143268.586851,191024.782479,95512.391224,143268.586851,191024.782479
"8977018","LOCUST GROVE INC","LOCUST GROVE-ROAD ONLY 7018",112500,0,0,"Permit Released","Released",NA,NA,NA,29.31457112,2011-09-20,"PERMANENT","INACT",1,0,"[447]",136.96836487,53044.00764,79566.01146,106088.01528,53044.00764,79566.01146,106088.01528
"8980192","MAJESTIC COLLIERIES COMPANY","",823810,0,0,"Permit Released","Released",NA,NA,NA,227.1472777,1985-11-25,"PERMANENT","INACT",1,0,"[1557]",81.1351563,39399.01092,59098.51638,78798.02184,39399.01092,59098.51638,78798.02184
"8485327","MANALAPAN MINING COMPANY INC","WINIFREDE MINE",1709900,0,1709900,"Final Forfeiture","Forfeited",NA,NA,NA,393.2057088,1995-07-18,"PERMANENT","INACT",1,1709900,"[552]",210.9531065,73161.78701,109742.68051,146323.57401,-1636738.21299,-1600157.31949,-1563576.42599
"8485357","MANALAPAN MINING COMPANY INC","#4 & #5 MINE",272400,0,272400,"Voluntary Forfeiture","Forfeited",NA,NA,NA,6228.746284,1998-06-02,"PERMANENT","INACT",1,272400,"[343, 349, 350]",557.07945145,265929.38749,398894.08124,531858.77493,-6470.61251000001,126494.08124,259458.77493
"8485426","MANALAPAN MINING COMPANY INC","RB MINE #12",41500,0,41500,"Voluntary Forfeiture","Forfeited",NA,NA,NA,705.9716683,2004-06-24,"PERMANENT","INACT",1,41500,"[353]",876.91334677,317354.446106,476031.669171,634708.8922,275854.446106,434531.669171,593208.8922
"800027","MARTIN COUNTY COAL CORPORATION","",206640,0,0,"Permit Released","Released",NA,NA,NA,183.2629707,1979-01-17,"INTERIM","INACT",NA,0,"[1113]",138.71700017,43929.049962,65893.57494,87858.09991,43929.049962,65893.57494,87858.09991
"8800014","MARTIN COUNTY COAL CORPORATION","",18504900,0,0,"Permit Released","Released",NA,NA,NA,303.9271627,1984-03-19,"PERMANENT","INACT",0,0,"[1085]",364.8709458,196057.08384,294085.62572,392114.1676,196057.08384,294085.62572,392114.1676
"8675195","MASSIVE MINING INC","PINCE CREEK MINE 1",122000,0,122000,"Final Forfeiture","Forfeited",NA,NA,NA,156.7465246,1997-01-24,"PERMANENT","INACT",1,122000,"[832]",184.20554346,135072.51845,202608.77772,270145.0369,13072.51845,80608.77772,148145.0369
"8585078","MAYO RESOURCES INC","",960100,237700,237700,"Reclamation Only","Bonded",NA,NA,NA,187.8303583,2011-08-10,"PERMANENT","INACT",1,237700,"[774, 781]",281.97993832,68564.840037,102847.260063,137129.680094,-169135.159963,-134852.739937,-100570.319906
"8987124","MC MINING LLC","",472500,385000,385000,"Reclamation Only","Bonded",NA,NA,NA,199.8617938,2019-08-12,"PERMANENT","ACT",NA,385000,"[1163]",159.3820208,43361.98912,65042.98368,86723.97824,-341638.01088,-319957.01632,-298276.02176
"8360417","METELECTRIC ENERGY LLC","MetElectric Mine No. 1",4296700,0,4296700,"Final Forfeiture","Forfeited",NA,NA,NA,422.3895108,2014-03-28,"PERMANENT","INACT",1,4296700,"[961, 959, 954, 945]",1033.52869582,636770.778262,955156.167429,1273541.556474,-3659929.221738,-3341543.832571,-3023158.443526
"8070440","MIDDLESBORO MINING OPERATIONS INC","",2844900,0,0,"Permit Released","Released",NA,NA,NA,1051.579125,2014-08-21,"PERMANENT","INACT",1,0,"[186, 187]",272.54593837,77011.361898,115517.042848,154022.723776,77011.361898,115517.042848,154022.723776
"8970434","MINNEHAN MINING LLC","",497200,0,497200,"Final Forfeiture","Forfeited",NA,NA,NA,214.2176897,2001-05-08,"PERMANENT","INACT",1,497200,"[311, 313]",700.28550938,243655.71979,365483.57968,487311.43959,-253544.28021,-131716.42032,-9888.56041000003
"8670552","NALLY & HAMILTON ENTERPRISES, INC","",3198000,2719400,2719400,"Actively Producing","Bonded",4500,2200,6700,577.9242303,2019-12-03,"PERMANENT","ACT",NA,2719400,"[811, 815, 808]",487.46600646,203827.332271,305740.998366,407654.664615,-2515572.667729,-2413659.001634,-2311745.335385
"8480377","NALLY & HAMILTON ENTERPRISES, INC","",2888200,3856400,3856400,"Actively Producing","Bonded",2900,0,2900,976.7771736,2019-01-17,"PERMANENT","ACT",0,3856400,"[467, 471, 496, 463, 492]",767.18268559,300344.9862966,450517.4794,600689.972651,-3556055.0137034,-3405882.5206,-3255710.027349
"8480294","NALLY & HAMILTON ENTERPRISES, INC","Right Fork #1",734400,254700,254700,"Non-Disturbed","Bonded",NA,NA,NA,579.836887,2013-04-15,"PERMANENT","ACT",1,254700,"[300, 303]",858.12864569,194869.621526,292304.432265,389739.243064,-59830.378474,37604.432265,135039.243064
"8610500","NALLY & HAMILTON ENTERPRISES, INC","Four Mile 2",2536716,1332300,1332300,"Reclamation Only","Bonded",0,0,0,791.8554528,2018-04-11,"PERMANENT","ACT",1,1332300,"[216, 220]",241.1103495,86312.19919,129468.29879,172624.39834,-1245987.80081,-1202831.70121,-1159675.60166
"8480256","NALLY & HAMILTON ENTERPRISES, INC","Bailey Creek",656900,667400,667400,"Reclamation Only","Bonded",0,900,900,144.4125791,2018-08-10,"PERMANENT","ACT",1,667400,"[497]",218.9857504,84298.30513,126447.45768,168596.61024,-583101.69487,-540952.54232,-498803.38976
"8480373","NALLY & HAMILTON ENTERPRISES, INC","Three Point - Darby/Creech",977200,186900,0,"Phase I Bond Release","Released",NA,NA,NA,448.0889379,2017-07-27,"PERMANENT","ACT",1,186900,"[390]",182.02462688,86868.81978,130303.22966,173737.63961,-100031.18022,-56596.77034,-13162.36039
"8480206","NALLY & HAMILTON ENTERPRISES, INC","LEWIS CREEK MINE #1",3512000,0,0,"Permit Released","Released",NA,NA,NA,611.8179393,2005-07-25,"PERMANENT","INACT",1,0,"[624, 641]",304.08275766,110246.599597,165369.8994,220493.1992,110246.599597,165369.8994,220493.1992
"8675228","NALLY & HAMILTON ENTERPRISES, INC","",2155100,0,0,"Permit Released","Released",NA,NA,NA,454.6337744,2000-05-05,"PERMANENT","INACT",1,0,"[677]",196.42533203,29188.318247,43782.477375,58376.636504,29188.318247,43782.477375,58376.636504
"8970382","NALLY & HAMILTON ENTERPRISES, INC","LYNN FORK #3",3073400,0,0,"Permit Released","Released",NA,NA,NA,458.5567089,1997-02-06,"PERMANENT","INACT",1,0,"[526]",214.03667439,63629.272129,95443.908185,127258.54424,63629.272129,95443.908185,127258.54424
"8360472","NOBLE COAL LLC DBA NOBLE RECLAMATION LLC","",531500,114200,114200,"Active Operations","Bonded",0,0,0,94.91250982,2022-07-12,"PERMANENT","ACT",NA,114200,"[841]",131.8755424,61469.65167,92204.47751,122939.3033,-52730.34833,-21995.52249,8739.3033
"8130325","NORTH FORK COLLIERIES, LLC","",552700,0,552700,"Final Forfeiture","Forfeited",NA,NA,NA,274.5927465,2008-04-11,"PERMANENT","INACT",1,552700,"[316]",390.94905778,140762.55225,211143.82838,281525.10451,-411937.44775,-341556.17162,-271174.89549
"8670579","PHELPS ENERGY AND RESOURCES 2, LLC","",513500,440900,440900,"Active Operations","Bonded",1025,0,1025,246.4340001,2024-07-15,"PERMANENT","ACT",NA,440900,"[648, 646]",455.97977232,202067.2539059,303100.880965,404134.507905,-238832.7460941,-137799.119035,-36765.492095
"8970568","PINE BRANCH MINING, LLC","Haddock Fork Mine",16743700,2653400,2653400,"Active Operations","Bonded",0,0,0,2677.275866,2013-01-02,"PERMANENT","ACT",1,2653400,"[386]",166.08158879,163634.63242,245451.9487,327269.2649,-2489765.36758,-2407948.0513,-2326130.7351
"8970569","PINE BRANCH MINING, LLC","Combs Branch Mine",15880900,5230900,5230900,"Actively Producing","Bonded",0,7250,7250,1592.072359,2013-02-05,"PERMANENT","ACT",1,5230900,"[344, 348]",967.69086483,1124023.365227,1686035.047935,2248046.73097,-4106876.634773,-3544864.952065,-2982853.26903
"8670347","PREMIER ELKHORN COAL LLC","MEADE-SHEPHERD MINE",2380200,0,0,"Permit Released","Released",NA,NA,NA,760.9768652,1993-06-09,"PERMANENT","INACT",1,0,"[993]",101.1636025,41186.37307,61779.5596,82372.74614,41186.37307,61779.5596,82372.74614
"8980975","PREMIER ELKHORN COAL LLC","",757700,530300,530300,"Active Operations","Bonded",1130,0,1130,1875.291704,2017-01-26,"PERMANENT","ACT",1,530300,"[1026, 996, 989, 1001, 971, 964]",1074.03286071,397364.872348,596047.30849,794729.74464,-132935.127652,65747.3084900001,264429.74464
"8984562","PREMIER ELKHORN COAL LLC","Beefhide Lower Banner",526400,526400,526400,"Reclamation Only","Bonded",953,0,953,803.0531996,2017-01-27,"PERMANENT","ACT",1,526400,"[953]",205.7303766,162862.44341,244293.66516,325724.88687,-363537.55659,-282106.33484,-200675.11313
"8670529","PREMIER ELKHORN COAL LLC","",1111900,629500,629500,"Reclamation Only","Bonded",735,0,735,864.7672305,2017-01-25,"PERMANENT","ACT",1,629500,"[909]",249.06796779,138651.48268,207977.22405,277302.96534,-490848.51732,-421522.77595,-352197.03466
"8980967","PREMIER ELKHORN COAL LLC","Blackburn Branch Surface Mine",8732200,8059500,8059500,"Active Operations","Bonded",0,17863,17863,2829.864212,2017-03-03,"PERMANENT","ACT",1,8059500,"[949, 951, 955, 1011, 958, 1006, 1008, 962, 990, 980, 977]",3435.02964144,1925767.881086,2888651.821433,3851535.761896,-6133732.118914,-5170848.178567,-4207964.238104
"8980968","PREMIER ELKHORN COAL LLC","",3737400,3450700,3450700,"Active Operations","Bonded",0,6138,6138,1821.492437,2017-04-19,"PERMANENT","ACT",1,3450700,"[936, 937, 897]",457.63327169,170100.60987,255150.9148,340201.21974,-3280599.39013,-3195549.0852,-3110498.78026
"8980974","PREMIER ELKHORN COAL LLC","",2530037,2530037,2530037,"Reclamation Only","Bonded",0,9600,9600,431.5918667,2017-02-06,"PERMANENT","ACT",1,2530037,"[899, 907, 905, 906, 903]",1575.47413523,729071.839904,1093607.7598741,1458143.679732,-1800965.160096,-1436429.2401259,-1071893.320268
"8980971","PREMIER ELKHORN COAL LLC","Petty's Fork Surface Mine",2821100,2408300,2408300,"Reclamation Only","Bonded",0,3200,3200,641.8343627,2017-04-05,"PERMANENT","ACT",1,2408300,"[963]",95.32353025,44942.87579,67414.31369,89885.75159,-2363357.12421,-2340885.68631,-2318414.24841
"8980970","PREMIER ELKHORN COAL LLC","Bear Fork Mine",4829430,2963130,2963130,"Reclamation Only","Bonded",0,2300,2300,844.7827147,2017-04-13,"PERMANENT","ACT",1,2963130,"[952]",248.11165597,120536.79151,180805.18726,241073.58297,-2842593.20849,-2782324.81274,-2722056.41703
"8675336","PREMIER ELKHORN COAL LLC","",251700,251700,251700,"Active Operations","Bonded",350,0,350,1110.607247,2017-02-01,"PERMANENT","ACT",1,251700,"[901]",371.49243928,120687.023078,181030.534622,241374.04616,-131012.976922,-70669.465378,-10325.95384
"8980498","PREMIER ELKHORN COAL LLC","MINE #0377",379900,0,0,"Permit Released","Released",NA,NA,NA,71.84092021,1997-06-06,"PERMANENT","INACT",1,0,"[1039]",112.46460041,60608.07028,90912.10542,121216.14055,60608.07028,90912.10542,121216.14055
"8984513","PRIME ENERGY DEVELOPMENT, LLC","Right Blackberry Mines 1 and 2",107000,107000,107000,"Suspended","Bonded",750,0,750,115.5314086,2015-06-09,"PERMANENT","ACT",1,107000,"[1423]",305.88581367,188336.20818,282504.31226,376672.41634,81336.20818,175504.31226,269672.41634
"8984651","RAVEN COAL LLC","",1682500,986500,986500,"Active Operations","Bonded",4479,0,4479,164.5287549,2021-07-09,"PERMANENT","ACT",NA,986500,"[1023]",128.5662012,57044.2181,85566.32714,114088.4362,-929455.7819,-900933.67286,-872411.5638
"8670541","RAVEN ENERGY INC","Powderkeg Mine No 1",2596000,0,2596000,"Final Forfeiture","Forfeited",NA,NA,NA,196.604757,2017-11-20,"PERMANENT","INACT",1,2596000,"[735]",110.8117,58788.84953,88183.27429,117577.6991,-2537211.15047,-2507816.72571,-2478422.3009
"536976X","RAY COAL CO","",32000,0,0,"Permit Released","Released",NA,NA,NA,85.7800035,1977-01-21,"PRE LAW","INACT",0,0,"[393, 394]",744.23927293,313097.413557,469646.120334,626194.827092,313097.413557,469646.120334,626194.827092
"2660236","RAY COAL CO","",70000,0,0,"Permit Released","Released",NA,NA,NA,123.6797458,1977-02-01,"INTERIM","INACT",0,0,"[381]",134.4099403,41454.95439,62182.43159,82909.90879,41454.95439,62182.43159,82909.90879
"8985507","REDBONE COAL COMPANY INC","REDBONE MINE",57861,0,0,"Permit Released","Released",NA,NA,NA,18.51083882,1991-06-10,"PERMANENT","INACT",1,0,"[1178]",237.44853523,83273.86831,124910.80246,166547.73662,83273.86831,124910.80246,166547.73662
"8980165","REDBONE COAL COMPANY INC","",1478344,0,0,"Permit Released","Released",NA,NA,NA,366.9603589,1985-07-08,"PERMANENT","INACT",1,0,"[1335]",242.35202371,113807.07249,170710.60872,227614.14495,113807.07249,170710.60872,227614.14495
"8980890","REVELATION ENERGY, LLC, BEING RECLAIMED BY INDEMNITY NATIONAL INSURANCE COMPANY","",301278,170689,170689,"Surety Reclamation","Bonded",465,0,465,470.2479375,2011-11-10,"PERMANENT","ACT",1,170689,"[1502]",67.82747707,7239.495227,10859.24284,14478.99045,-163449.504773,-159829.75716,-156210.00955
"8980892","REVELATION ENERGY, LLC, BEING RECLAIMED BY INDEMNITY NATIONAL INSURANCE COMPANY","Calloway North Surface Mine",14784500,4867000,4867000,"Surety Reclamation","Bonded",0,9150,9150,980.3803092,2012-01-11,"PERMANENT","ACT",1,4867000,"[1465, 1439, 1438, 1441, 1442, 1444, 1450, 1448, 1459]",1891.28051036,847439.753434,1271159.630185,1694879.506784,-4019560.246566,-3595840.369815,-3172120.493216
"8360442","REVELATION ENERGY, LLC, BEING RECLAIMED BY INDEMNITY NATIONAL INSURANCE COMPANY","",6868600,2909300,2909300,"Surety Reclamation","Bonded",0,3950,3950,695.2965641,2015-10-01,"PERMANENT","ACT",1,2909300,"[967, 969, 981, 987]",1772.22840981,647311.518354,970967.277522,1294623.036736,-2261988.481646,-1938332.722478,-1614676.963264
"8980985","REVELATION ENERGY, LLC, BEING RECLAIMED BY INDEMNITY NATIONAL INSURANCE COMPANY","Bevins Branch North",10359800,4729900,4729900,"Surety Reclamation","Bonded",0,7824,7824,1183.102535,2015-09-15,"PERMANENT","ACT",1,4729900,"[991, 1004, 995]",1271.57551026,1051134.344352,1576701.516538,2102268.688623,-3678765.655648,-3153198.483462,-2627631.311377
"8600554","REVELATION ENERGY, LLC, BEING RECLAIMED BY INDEMNITY NATIONAL INSURANCE COMPANY","",461300,88400,88400,"Surety Reclamation","Bonded",0,630,630,42.75317941,2015-06-05,"PERMANENT","ACT",1,88400,"[722]",214.5018814,95503.4454,143255.1681,191006.89079,7103.4454,54855.1681,102606.89079
"8360437","REVELATION ENERGY, LLC, BEING RECLAIMED BY INDEMNITY NATIONAL INSURANCE COMPANY","",3273200,374100,374100,"Surety Reclamation","Bonded",0,0,0,234.7502185,2015-07-07,"PERMANENT","ACT",1,374100,"[894, 892]",909.73391709,317723.503811,476585.255738,635447.007663,-56376.4961889999,102485.255738,261347.007663
"8670521","REVELATION ENERGY, LLC, BEING RECLAIMED BY INDEMNITY NATIONAL INSURANCE COMPANY","Trace Fork Surface Mine",8983600,641800,641800,"Surety Reclamation","Bonded",0,2045,2045,1474.152342,2014-12-01,"PERMANENT","ACT",1,641800,"[692, 739, 749, 742]",1869.29729436,1699820.792762,2549731.189082,3399641.585463,1058020.792762,1907931.189082,2757841.585463
"8805192","REVELATION ENERGY, LLC, BEING RECLAIMED BY INDEMNITY NATIONAL INSURANCE COMPANY","Aldridge Branch",2918400,1649600,1649600,"Surety Reclamation","Bonded",0,4400,4400,537.3953099,2014-04-03,"PERMANENT","ACT",1,1649600,"[1146, 1150, 1158]",805.38839754,507777.609617,761666.41452,1015555.2192,-1141822.390383,-887933.58548,-634044.7808
"8805195","REVELATION ENERGY, LLC, BEING RECLAIMED BY INDEMNITY NATIONAL INSURANCE COMPANY","Van Lear Mine",20000,0,0,"Permit Released","Released",NA,NA,NA,8024.646475,2014-04-11,"PERMANENT","INACT",1,0,"[1195]",181.0341245,68147.09075,102220.63614,136294.18151,68147.09075,102220.63614,136294.18151
"8670569","RGB RESOURCES AND DEVELOPMENT LLC","",427100,257300,257300,"Actively Producing","Bonded",420,0,420,143.1257065,2022-10-06,"PERMANENT","ACT",NA,257300,"[650]",184.9821771,58739.99207,88109.98811,117479.98415,-198560.00793,-169190.01189,-139820.01585
"800066","SAARCAR COAL INC","",291330,0,0,"Permit Released","Released",NA,NA,NA,461.2320625,1981-11-30,"INTERIM","INACT",NA,0,"[920]",162.71778793,216444.51625,324666.77428,432889.0324,216444.51625,324666.77428,432889.0324
"8485445","SABER MINING COMPANY, INC","",83100,0,83100,"Final Forfeiture","Forfeited",NA,NA,NA,21.94914567,2006-10-02,"PERMANENT","INACT",1,83100,"[304]",57.93095694,11571.82686,17357.74029,23143.65372,-71528.17314,-65742.25971,-59956.34628
"8480270","SEQUOIA ENERGY LLC","Darby Highwall #2",2714600,1378900,1378900,"Revoked","Bonded",NA,NA,NA,1413.202018,2010-04-15,"PERMANENT","ACT",1,1378900,"[357]",84.78545001,44946.85022,67420.27533,89893.70044,-1333953.14978,-1311479.72467,-1289006.29956
"8480274","SEQUOIA ENERGY LLC","Contour Darby - Slaters Fork",232300,242800,242800,"Revoked","Bonded",NA,NA,NA,183.9852175,2010-10-14,"PERMANENT","ACT",1,242800,"[369]",171.85334447,45787.803638,68681.70545,91575.60727,-197012.196362,-174118.29455,-151224.39273
"8485459","SEQUOIA ENERGY LLC","Upper Harlan #4",401800,242400,242400,"Revoked","Bonded",0,800,800,21.8963302,2009-07-24,"PERMANENT","ACT",1,242400,"[361]",289.75321362,107960.215893,161940.323835,215920.43181,-134439.784107,-80459.676165,-26479.56819
"4668003","SHAMROCK COAL COMPANY INCORPORATED","",297970,0,0,"Permit Released","Released",NA,NA,NA,50.75590445,1984-03-20,"PERMANENT","INACT",1,0,"[338]",97.23762824,38704.83323,58057.24984,77409.66645,38704.83323,58057.24984,77409.66645
"8980733","SKYLINE EXCAVATION INC","",336100,0,336100,"Final Forfeiture","Forfeited",NA,NA,NA,134.3296923,2005-03-21,"PERMANENT","INACT",1,336100,"[1131, 1125, 1132, 1134]",1443.62271117,484380.839204,726571.258759,968761.678392,148280.839204,390471.258759,632661.678392
"8679032","SMOKY QUARTZ, LLC","",3189100,1965600,1965600,"Suspended","Bonded",NA,NA,NA,322.7315784,2021-12-01,"PERMANENT","ACT",NA,1965600,"[715]",188.7328443,70089.81018,105134.71526,140179.62035,-1895510.18982,-1860465.28474,-1825420.37965
"8675383","SMOKY QUARTZ, LLC","",83900,83900,83900,"Suspended","Bonded",350,0,350,12.69954122,2021-11-19,"PERMANENT","ACT",NA,83900,"[713]",238.76597193,70293.24621,105439.86931,140586.49242,-13606.75379,21539.86931,56686.49242
"8365632","SOUTHEASTERN LAND, LLC","",150000,75000,75000,"Active Temporary Cessation","Bonded",250,0,250,9.98052521,2014-06-12,"PERMANENT","ACT",1,75000,"[835]",194.49302119,69333.15477,103999.732151,138666.309541,-5666.84522999999,28999.732151,63666.309541
"8365650","SPURLOCK MINING, LLC","Poplarlick Plant",859600,441900,441900,"Active Temporary Cessation","Bonded",1100,0,1100,83.09661796,2016-05-26,"PERMANENT","ACT",1,441900,"[891]",406.43989855,78202.365377,117303.54807,156404.73076,-363697.634623,-324596.45193,-285495.26924
"8360448","SPURLOCK MINING, LLC","Gunstock Surface",2230900,312000,312000,"Reclamation Only","Bonded",0,0,0,163.6843044,2016-07-07,"PERMANENT","ACT",1,312000,"[862]",335.4226568,147275.50795,220913.26191,294551.01584,-164724.49205,-91086.73809,-17448.98416
"1180205","STEEL HOLLOW MINING COMPANY INC","",48510,0,0,"Permit Released","Released",NA,NA,NA,17.07053309,1981-11-17,"INTERIM","INACT",0,0,"[159]",194.16097675,98144.57264,147216.85901,196289.14531,98144.57264,147216.85901,196289.14531
"8070277","STRATA MINING INC","MINE #5",2474500,0,0,"Permit Released","Released",NA,NA,NA,490.5272245,1999-04-14,"PERMANENT","INACT",1,0,"[190, 188]",255.0444756,65028.58204,97542.87306,130057.16408,65028.58204,97542.87306,130057.16408
"8070374","STRATA MINING INC","Poplar Lick & Strays Surface",506300,0,0,"Permit Released","Released",NA,NA,NA,327.4715373,2009-12-02,"PERMANENT","INACT",1,0,"[207]",229.36636033,72660.751868,108991.12781,145321.50375,72660.751868,108991.12781,145321.50375
"8130271","STURGEON MINING COMPANY, INC.","813-0271",2904600,1855300,1855300,"Active Operations","Bonded",600,0,600,780.2400799,2005-08-25,"PERMANENT","ACT",1,1855300,"[285]",98.76413788,29406.37543,44109.56314,58812.75086,-1825893.62457,-1811190.43686,-1796487.24914
"8975095","STURGEON MINING COMPANY, INC.","STRAIGHT FORK DEEP MINE",11200,0,0,"Permit Released","Released",NA,NA,NA,15.18014995,1998-09-30,"PERMANENT","INACT",1,0,"[554]",107.0670356,31673.72015,47510.58023,63347.4403,31673.72015,47510.58023,63347.4403
"130139","TENKILLER MINING SERVICES INC","",64500,0,64500,"Final Forfeiture","Forfeited",NA,NA,NA,29.09394652,1982-04-08,"INTERIM","INACT",NA,64500,"[292]",227.134006,104881.06633,157321.59949,209762.1327,40381.06633,92821.59949,145262.1327
"8805111","TOPTIKI COAL CORPORATION","",21400,0,0,"Permit Released","Released",NA,NA,NA,62.53042429,1995-07-31,"PERMANENT","INACT",1,0,"[1228]",346.38775598,123873.36239,185810.04357,247746.72478,123873.36239,185810.04357,247746.72478
"260076","TRINITY COAL CO INC","",7560,0,0,"Permit Released","Released",NA,NA,NA,10.35044391,1979-11-29,"INTERIM","INACT",NA,0,"[214]",97.10210314,32729.02176,49093.53264,65458.04352,32729.02176,49093.53264,65458.04352
"580092","TRIPLE W FUELS","",24600,0,0,"Permit Released","Released",NA,NA,NA,90.57103057,1982-07-16,"INTERIM","INACT",NA,0,"[915]",317.5932739,140847.34029,211271.01043,281694.68061,140847.34029,211271.01043,281694.68061
"8980873","VIKING ACQUISITION GROUP LLC","",376600,0,376600,"Final Forfeiture","Forfeited",NA,NA,NA,119.4497414,2011-03-01,"PERMANENT","INACT",1,376600,"[926, 929]",693.98554895,249329.39725,373994.09587,498658.79447,-127270.60275,-2605.90413000004,122058.79447
"8488082","VIRGINIA FUEL CORPORATION","LOUDER CRK IMPOUNDMENT & STRIP",1334800,1227300,1227300,"Surety Reclamation","Bonded",0,0,0,356.619023,2011-08-31,"PERMANENT","ACT",1,1227300,"[632]",135.1290347,36683.64335,55025.46502,73367.2867,-1190616.35665,-1172274.53498,-1153932.7133
"8984450","WELLMORE COAL CORPORATION DBA THE BLACK DIAMOND CO","",520500,198500,198500,"Actively Producing","Bonded",315,0,315,31.31351918,2019-10-16,"PERMANENT","ACT",0,198500,"[1265]",149.05324461,28137.468103,42206.202154,56274.93621,-170362.531897,-156293.797846,-142225.06379
"8980862","WELLMORE COAL CORPORATION DBA THE BLACK DIAMOND CO","Wellmore Coal Corportion",2764400,91000,91000,"Active Operations","Bonded",800,0,800,169.3658598,2010-12-09,"PERMANENT","ACT",1,91000,"[1461]",473.42171272,180927.74628,271391.61941,361855.49256,89927.74628,180391.61941,270855.49256
"8975108","WHITAKER COAL CORPORATION","",94400,0,0,"Permit Released","Released",NA,NA,NA,2005.834774,2001-05-08,"PERMANENT","INACT",1,0,"[480]",207.5010632,80863.42956,121295.14434,161726.85912,80863.42956,121295.14434,161726.85912
"8975111","WHITAKER COAL CORPORATION","5A SEAM",17300,0,0,"Permit Released","Released",NA,NA,NA,15.23350677,2001-06-01,"PERMANENT","INACT",1,0,"[402, 397]",433.85451713,177381.40357,266072.10535,354762.80714,177381.40357,266072.10535,354762.80714
"8975158","WHITAKER COAL CORPORATION","",99500,99500,99500,"Suspended","Bonded",0,1665,1665,22.86051169,2017-02-23,"PERMANENT","ACT",1,99500,"[462]",244.82981865,72622.68221,108934.02331,145245.36443,-26877.31779,9434.02331,45745.36443
"587176","","",0,0,0,"","Not Bonded",NA,NA,NA,34.63700265,NA,"","RECNF",NA,0,"[608]",470.9147863,285362.93182,428044.39768,570725.86354,285362.93182,428044.39768,570725.86354
"217869X","","",0,0,0,"","Not Bonded",NA,NA,NA,39.29362945,NA,"","RECNF",0,0,"[873]",370.93539467,134921.51153,202382.2673,269843.02306,134921.51153,202382.2673,269843.02306
"8970216","","",0,0,0,"","Not Bonded",NA,NA,NA,37.65271174,NA,"","RECNF",0,0,"[384]",150.28952103,40728.398597,61092.597901,81456.797195,40728.398597,61092.597901,81456.797195
"Unknown","","",0,0,0,"","Not Bonded",NA,NA,NA,52.69620027,NA,"","RECNF",0,0,"[153]",160.38120436,56713.09744,85069.64616,113426.19488,56713.09744,85069.64616,113426.19488
"99773","","",0,0,0,"","Not Bonded",NA,NA,NA,163.8641295,NA,"","RECNF",0,0,"[507, 509]",1385.38447348,761582.841202,1142374.261778,1523165.682447,761582.841202,1142374.261778,1523165.682447
"111067X","","",0,0,0,"","Not Bonded",NA,NA,NA,207.547099,NA,"","RECNF",0,0,"[438, 439]",533.69604582,360305.21654,540457.82486,720610.43302,360305.21654,540457.82486,720610.43302
"219869X","","",0,0,0,"","Not Bonded",NA,NA,NA,122.5846397,NA,"","RECNF",0,0,"[448]",92.83226889,47257.23669,70885.85503,94514.47337,47257.23669,70885.85503,94514.47337
"280074X","","",0,0,0,"","Not Bonded",NA,NA,NA,21.95295063,NA,"","RECNF",0,0,"[1044]",326.68849953,151682.116097,227523.17415,303364.232184,151682.116097,227523.17415,303364.232184
"270773X","","",0,0,0,"","Not Bonded",NA,NA,NA,16.86669894,NA,"","RECNF",0,0,"[149, 150]",526.82057871,170805.65359,256208.48037,341611.30716,170805.65359,256208.48037,341611.30716
"474476X","","",0,0,0,"","Not Bonded",NA,NA,NA,17.91837503,NA,"","RECNF",0,0,"[152]",168.57924981,62020.77077,93031.15615,124041.54154,62020.77077,93031.15615,124041.54154
"460075X","","",0,0,0,"","Not Bonded",NA,NA,NA,36.49026461,NA,"","RECNF",0,0,"[290]",102.6292099,30556.66306,45834.99459,61113.32612,30556.66306,45834.99459,61113.32612
"266473X","","",0,0,0,"","Not Bonded",NA,NA,NA,88.8035478,NA,"","RECNF",0,0,"[503, 504]",387.73049409,109285.77445,163928.66168,218571.54891,109285.77445,163928.66168,218571.54891
