Tile_ID,
e1253n1777
e1252n1779
e1256n1765
e1227n1777
e1252n1770
e1251n1776
e1224n1777
e1266n1758
e1267n1759
e1256n1777
e1248n1777
e1263n1778
e1224n1780
e1250n1774
e1231n1780
e1259n1761
e1263n1766
e1257n1768
e1263n1771
e1263n1769
e1246n1778
e1265n1780
e1244n1777
e1227n1781
e1259n1768
e1249n1779
e1252n1771
e1254n1773
e1251n1768
e1250n1771
e1249n1777
e1257n1780
e1264n1769
e1262n1769
e1257n1781
e1253n1781
e1265n1766
e1246n1773
e1267n1773
e1264n1778
e1260n1769
e1264n1780
e1260n1758
e1260n1767
e1249n1778
e1252n1776
e1247n1780
e1256n1770
e1241n1781
e1265n1776
e1263n1761
e1244n1776
e1256n1772
e1266n1768
e1266n1765
e1231n1777
e1258n1762
e1244n1778
e1258n1765
e1264n1781
e1263n1775
e1253n1772
e1269n1781
e1254n1771
e1256n1773
e1256n1780
e1264n1766
e1257n1764
e1255n1778
e1226n1779
e1245n1778
e1261n1779
e1262n1756
e1249n1776
e1247n1775
e1259n1763
e1231n1778
e1255n1780
e1259n1776
e1238n1780
e1240n1780
e1254n1766
e1241n1779
e1262n1759
e1262n1766
e1258n1763
e1267n1760
e1265n1772
e1262n1780
e1258n1768
e1226n1774
e1267n1766
e1261n1769
e1250n1776
e1227n1778
e1250n1773
e1262n1776
e1263n1776
e1230n1778
e1259n1764
e1260n1774
e1247n1781
e1265n1758
e1252n1768
e1244n1781
e1253n1773
e1263n1767
e1256n1768
e1256n1771
e1264n1765
e1266n1776
e1232n1778
e1236n1780
e1260n1763
e1260n1768
e1266n1759
e1262n1760
e1225n1777
e1265n1771
e1232n1779
e1261n1762
e1261n1759
e1268n1779
e1229n1780
e1265n1757
e1228n1781
e1261n1761
e1255n1771
e1249n1780
e1247n1773
e1254n1768
e1266n1763
e1254n1769
e1264n1777
e1267n1777
e1258n1766
e1262n1763
e1265n1760
e1254n1777
e1260n1776
e1263n1762
e1256n1776
e1259n1778
e1250n1779
e1260n1756
e1264n1757
e1262n1777
e1248n1781
e1260n1781
e1267n1767
e1267n1762
e1264n1775
e1252n1777
e1259n1775
e1252n1769
e1254n1775
e1258n1771
e1251n1775
e1230n1779
e1259n1767
e1226n1781
e1227n1775
e1266n1780
e1256n1769
e1243n1780
e1248n1778
e1230n1780
e1261n1780
e1260n1775
e1266n1767
e1254n1776
e1266n1770
e1251n1772
e1263n1756
e1265n1763
e1254n1765
e1262n1779
e1256n1775
e1265n1781
e1266n1761
e1260n1760
e1246n1779
e1250n1775
e1260n1771
e1246n1781
e1251n1774
e1257n1767
e1253n1765
e1226n1780
e1265n1774
e1246n1774
e1253n1766
e1265n1768
e1257n1777
e1253n1779
e1229n1781
e1248n1774
e1266n1760
e1244n1775
e1264n1759
e1262n1770
e1243n1781
e1249n1775
e1255n1774
e1231n1779
e1267n1772
e1259n1772
e1265n1773
e1264n1762
e1251n1780
e1225n1781
e1263n1774
e1224n1776
e1262n1775
e1262n1781
e1259n1773
e1256n1766
e1265n1767
e1266n1774
e1252n1767
e1245n1779
e1223n1778
e1248n1776
e1259n1765
e1228n1780
e1242n1778
e1255n1766
e1258n1772
e1247n1779
e1264n1776
e1267n1757
e1246n1777
e1257n1774
e1264n1779
e1267n1770
e1230n1781
e1264n1764
e1265n1761
e1262n1767
e1266n1764
e1264n1770
e1260n1770
e1263n1781
e1237n1781
e1267n1780
e1265n1775
e1232n1777
e1259n1760
e1240n1777
e1262n1761
e1227n1779
e1225n1775
e1257n1769
e1254n1780
e1252n1774
e1266n1771
e1265n1759
e1250n1781
e1258n1775
e1261n1778
e1244n1780
e1255n1767
e1261n1773
e1265n1756
e1263n1757
e1259n1774
e1226n1777
e1250n1778
e1241n1780
e1258n1770
e1255n1777
e1254n1772
e1267n1776
e1234n1781
e1262n1778
e1255n1775
e1264n1756
e1252n1766
e1242n1781
e1267n1761
e1268n1781
e1252n1773
e1260n1778
e1261n1767
e1266n1756
e1260n1765
e1235n1781
e1247n1777
e1261n1774
e1263n1770
e1233n1780
e1267n1769
e1241n1778
e1255n1769
e1225n1779
e1259n1770
e1240n1781
e1257n1772
e1241n1777
e1267n1781
e1266n1779
e1258n1767
e1262n1757
e1247n1776
e1239n1779
e1251n1771
e1243n1777
e1251n1778
e1266n1781
e1258n1764
e1258n1776
e1233n1778
e1240n1778
e1262n1762
e1245n1775
e1266n1773
e1251n1773
e1260n1779
e1263n1777
e1260n1761
e1226n1775
e1254n1779
e1255n1781
e1224n1778
e1245n1781
e1263n1773
e1227n1780
e1242n1780
e1266n1775
e1240n1779
e1267n1774
e1226n1778
e1234n1780
e1255n1765
e1253n1780
e1250n1772
e1259n1769
e1262n1765
e1257n1765
e1259n1766
e1265n1764
e1251n1767
e1261n1760
e1252n1772
e1224n1779
e1267n1775
e1265n1762
e1223n1779
e1265n1778
e1251n1766
e1257n1770
e1264n1760
e1259n1777
e1264n1763
e1249n1774
e1266n1777
e1261n1758
e1264n1768
e1263n1758
e1251n1781
e1264n1771
e1257n1776
e1267n1763
e1268n1780
e1233n1781
e1243n1776
e1228n1778
e1263n1765
e1261n1772
e1266n1769
e1260n1764
e1238n1781
e1239n1781
e1266n1757
e1237n1780
e1258n1761
e1260n1780
e1247n1778
e1256n1781
e1264n1772
e1266n1772
e1225n1778
e1263n1760
e1252n1781
e1260n1772
e1250n1780
e1228n1779
e1252n1775
e1243n1779
e1261n1770
e1263n1780
e1261n1768
e1255n1770
e1246n1780
e1265n1765
e1267n1764
e1253n1768
e1266n1766
e1256n1778
e1267n1771
e1256n1779
e1259n1771
e1252n1778
e1259n1779
e1242n1777
e1250n1777
e1261n1777
e1245n1774
e1257n1773
e1267n1768
e1248n1780
e1262n1758
e1254n1767
e1257n1779
e1253n1775
e1267n1765
e1264n1767
e1248n1773
e1249n1773
e1261n1757
e1258n1781
e1267n1779
e1260n1777
e1263n1764
e1262n1768
e1246n1776
e1232n1781
e1242n1776
e1265n1770
e1236n1781
e1253n1769
e1245n1777
e1258n1777
e1263n1763
e1259n1762
e1266n1778
e1243n1778
e1265n1769
e1232n1780
e1225n1780
e1263n1768
e1255n1776
e1258n1774
e1261n1775
e1264n1774
e1257n1766
e1267n1778
e1225n1776
e1253n1771
e1256n1774
e1262n1771
e1252n1780
e1253n1776
e1263n1779
e1262n1764
e1266n1762
e1261n1766
e1263n1772
e1261n1763
e1255n1773
e1254n1781
e1259n1781
e1253n1778
e1257n1771
e1264n1758
e1258n1773
e1262n1773
e1261n1756
e1258n1779
e1262n1774
e1246n1775
e1245n1780
e1254n1774
e1265n1777
e1261n1771
e1255n1779
e1253n1770
e1260n1762
e1262n1772
e1261n1781
e1253n1767
e1265n1779
e1241n1776
e1259n1759
e1258n1778
e1260n1757
e1226n1776
e1257n1775
e1258n1780
e1247n1774
e1255n1768
e1264n1773
e1224n1781
e1251n1779
e1259n1780
e1245n1776
e1251n1777
e1260n1766
e1248n1779
e1242n1779
e1257n1778
e1256n1767
e1260n1759
e1263n1759
e1251n1769
e1254n1770
e1258n1769
e1254n1778
e1267n1758
e1261n1764
e1233n1779
e1231n1781
e1253n1774
e1244n1779
e1248n1775
e1227n1774
e1261n1776
e1249n1781
e1255n1772
e1260n1773
e1264n1761
e1261n1765
e1215n1797
e1215n1798
e1216n1798
e1216n1799
e1217n1799
e1218n1800
e1219n1800
e1219n1801
e1220n1801
e1220n1802
e1221n1802
e1222n1802
e1222n1803
e1223n1803
e1223n1804
e1224n1804
e1225n1804
e1225n1805
e1226n1805
e1226n1806
e1227n1806
e1228n1806
e1228n1807
e1229n1807
e1228n1808
e1229n1808
e1228n1809
e1227n1810
e1228n1810
e1227n1811
e1226n1812
e1227n1812
e1225n1813
e1226n1813
e1225n1814
e1225n1815
e1225n1816
e1225n1817
e1225n1818
e1224n1819
e1225n1819
e1224n1820
e1224n1821
e1225n1821
e1226n1821
e1225n1822
e1226n1822
e1227n1822
e1227n1823
e1227n1824
e1228n1824
e1229n1824
e1228n1825
e1229n1825
e1249n1819
e1258n1819
e1268n1819
e1248n1820
e1249n1820
e1250n1820
e1251n1820
e1252n1820
e1253n1820
e1254n1820
e1255n1820
e1256n1820
e1257n1820
e1258n1820
e1267n1820
e1268n1820
e1269n1820
e1247n1821
e1248n1821
e1269n1821
e1270n1821
e1271n1821
e1272n1821
e1273n1821
e1246n1822
e1247n1822
e1245n1823
e1246n1823
e1244n1824
e1245n1824
e1242n1825
e1243n1825
e1244n1825
e1243n1826
e1244n1826
EE124
EE125
EE126
EE127
EE128
EE129
EF124
EF125
EF126
EF127
EF128
EF129
EF130
EF131
EG125
EG126
EG127
EG128
EG129
EG130
EG131
EG132
EG135
EH127
EH128
EH129
EH130
EH131
EH132
EH133
EH134
EH135
EH136
EI127
EI128
EI129
EI130
EI131
EI132
EI133
EI134
EI135
EI136
EI137
EJ128
EJ129
EJ130
EJ131
EJ132
EJ133
EJ134
EJ135
EJ136
EJ137
EK129
EK130
EK131
EK132
EK133
EK134
EK135
EK136
EK137
EK139
EK140
EK141
EK143
EK144
EL129
EL130
EL131
EL132
EL133
EL134
EL135
EL136
EL137
EL138
EL139
EL140
EL141
EL142
EL143
EL144
EM130
EM131
EM132
EM135
EM136
EM137
EM138
EM139
EM140
EM141
EM142
EM143
EM144
EM145
EN137
EN138
EN139
EN140
EN141
EN142
EN143
EN144
EN145
EO139
EO140
EO141
EO142
EO143
EO144
EO145
EO146
EP139
EP140
EP141
EP142
EP143
EP144
EP145
EP146
EQ138
EQ139
EQ140
EQ141
EQ142
EQ143
e1251n1802
e1240n1792
e1241n1805
e1228n1805
e1229n1808
e1226n1785
e1264n1797
e1271n1821
e1248n1798
e1227n1818
e1255n1820
e1238n1803
e1266n1802
e1252n1800
e1268n1790
e1244n1789
e1248n1792
e1244n1795
e1243n1803
e1231n1812
e1272n1820
e1240n1815
e1254n1782
e1227n1795
e1268n1797
e1256n1807
e1247n1789
e1245n1798
e1249n1804
e1268n1792
e1262n1782
e1247n1813
e1230n1822
e1267n1803
e1243n1800
e1224n1794
e1244n1806
e1243n1815
e1226n1789
e1246n1817
e1229n1792
e1245n1824
e1257n1819
e1228n1790
e1241n1784
e1227n1793
e1266n1785
e1235n1801
e1238n1807
e1268n1802
e1239n1803
e1241n1821
e1230n1807
e1268n1806
e1242n1806
e1262n1799
e1267n1798
e1251n1815
e1232n1808
e1269n1787
e1269n1783
e1218n1789
e1228n1814
e1270n1799
e1265n1784
e1273n1789
e1268n1816
e1248n1796
e1237n1808
e1227n1822
e1244n1784
e1266n1797
e1241n1785
e1219n1793
e1241n1807
e1249n1795
e1231n1823
e1232n1791
e1231n1794
e1260n1783
e1246n1793
e1260n1787
e1267n1799
e1217n1797
e1237n1791
e1274n1794
e1239n1794
e1244n1814
e1225n1786
e1253n1803
e1220n1800
e1257n1789
e1250n1816
e1255n1803
e1243n1782
e1241n1790
e1245n1821
e1244n1811
e1238n1805
e1233n1802
e1229n1813
e1242n1784
e1265n1811
e1267n1784
e1265n1813
e1250n1798
e1251n1786
e1273n1794
e1236n1788
e1252n1797
e1255n1788
e1247n1819
e1220n1794
e1256n1802
e1251n1794
e1255n1792
e1252n1820
e1239n1785
e1225n1820
e1259n1812
e1236n1818
e1269n1816
e1243n1791
e1253n1784
e1227n1799
e1233n1794
e1242n1815
e1224n1795
e1251n1785
e1248n1803
e1230n1797
e1261n1804
e1227n1804
e1246n1783
e1262n1813
e1236n1783
e1269n1800
e1243n1820
e1218n1791
e1265n1792
e1240n1784
e1267n1811
e1271n1795
e1261n1795
e1264n1791
e1246n1811
e1271n1787
e1244n1788
e1229n1796
e1253n1802
e1255n1782
e1242n1798
e1259n1793
e1240n1810
e1250n1785
e1269n1803
e1257n1809
e1257n1783
e1248n1819
e1243n1810
e1258n1817
e1239n1810
e1229n1812
e1235n1808
e1259n1791
e1264n1805
e1264n1785
e1229n1803
e1258n1790
e1261n1791
e1236n1811
e1231n1788
e1259n1815
e1238n1808
e1252n1802
e1226n1801
e1234n1813
e1270n1818
e1247n1787
e1223n1796
e1258n1807
e1234n1819
e1242n1825
e1235n1794
e1253n1816
e1231n1798
e1232n1792
e1215n1790
e1226n1784
e1249n1803
e1253n1818
e1265n1782
e1232n1805
e1230n1809
e1223n1798
e1265n1796
e1244n1818
e1238n1810
e1246n1821
e1246n1819
e1258n1799
e1245n1815
e1262n1783
e1258n1816
e1248n1811
e1244n1812
e1248n1790
e1257n1787
e1253n1817
e1239n1812
e1253n1815
e1218n1790
e1226n1816
e1244n1823
e1228n1791
e1244n1799
e1227n1823
e1265n1787
e1254n1798
e1230n1800
e1226n1819
e1256n1803
e1270n1792
e1235n1786
e1257n1818
e1265n1795
e1244n1790
e1236n1805
e1243n1796
e1262n1811
e1270n1802
e1234n1805
e1228n1799
e1258n1805
e1240n1783
e1231n1811
e1270n1819
e1262n1807
e1261n1782
e1272n1790
e1257n1794
e1239n1821
e1259n1802
e1250n1790
e1235n1800
e1260n1786
e1265n1799
e1233n1813
e1272n1786
e1242n1782
e1264n1803
e1265n1805
e1237n1812
e1252n1790
e1245n1790
e1230n1788
e1260n1791
e1221n1790
e1244n1796
e1270n1786
e1241n1817
e1261n1799
e1250n1801
e1252n1803
e1232n1822
e1219n1795
e1257n1795
e1234n1802
e1265n1798
e1251n1812
e1265n1809
e1221n1799
e1262n1803
e1257n1802
e1267n1808
e1257n1817
e1227n1798
e1254n1786
e1249n1785
e1244n1813
e1242n1801
e1257n1810
e1260n1797
e1240n1813
e1254n1795
e1239n1797
e1269n1785
e1237n1819
e1269n1806
e1248n1791
e1256n1787
e1223n1801
e1231n1792
e1263n1807
e1266n1799
e1240n1791
e1217n1796
e1229n1787
e1239n1805
e1223n1791
e1250n1783
e1260n1805
e1218n1794
e1236n1817
e1240n1787
e1260n1810
e1233n1811
e1239n1807
e1269n1804
e1233n1783
e1217n1795
e1260n1803
e1239n1795
e1250n1782
e1264n1806
e1216n1799
e1252n1816
e1235n1814
e1235n1813
e1273n1797
e1252n1814
e1251n1795
e1237n1787
e1224n1796
e1254n1794
e1221n1802
e1256n1792
e1271n1786
e1233n1809
e1226n1806
e1256n1813
e1269n1808
e1235n1782
e1272n1788
e1255n1786
e1229n1815
e1265n1794
e1246n1820
e1273n1796
e1219n1796
e1238n1814
e1231n1820
e1232n1819
e1261n1808
e1232n1793
e1237n1810
e1235n1797
e1233n1801
e1252n1796
e1237n1796
e1228n1802
e1266n1812
e1258n1811
e1270n1794
e1239n1792
e1268n1810
e1255n1818
e1259n1811
e1224n1791
e1246n1814
e1215n1798
e1241n1802
e1235n1795
e1250n1787
e1246n1795
e1230n1798
e1239n1808
e1249n1797
e1252n1785
e1238n1812
e1264n1802
e1266n1808
e1264n1801
e1223n1799
e1238n1794
e1232n1798
e1228n1810
e1263n1794
e1235n1815
e1270n1793
e1225n1819
e1270n1782
e1271n1801
e1258n1800
e1248n1793
e1260n1794
e1228n1788
e1247n1812
e1234n1815
e1264n1795
e1251n1783
e1220n1789
e1245n1811
e1241n1798
e1253n1793
e1237n1795
e1235n1804
e1237n1811
e1234n1820
e1231n1796
e1243n1808
e1241n1809
e1253n1787
e1242n1822
e1251n1782
e1263n1795
e1226n1787
e1252n1787
e1244n1809
e1248n1821
e1267n1813
e1255n1819
e1235n1802
e1256n1783
e1240n1790
e1241n1804
e1231n1807
e1260n1801
e1225n1821
e1250n1818
e1230n1789
e1230n1805
e1243n1794
e1268n1800
e1222n1789
e1238n1801
e1224n1819
e1217n1788
e1273n1821
e1253n1790
e1230n1783
e1241n1811
e1258n1792
e1266n1805
e1259n1796
e1251n1811
e1271n1794
e1236n1793
e1249n1801
e1229n1809
e1249n1812
e1235n1805
e1237n1784
e1254n1800
e1244n1791
e1252n1794
e1261n1811
e1263n1803
e1254n1799
e1241n1783
e1259n1807
e1243n1809
e1236n1804
e1220n1799
e1258n1793
e1231n1791
e1268n1784
e1229n1793
e1250n1792
e1251n1784
e1245n1805
e1226n1821
e1232n1787
e1243n1792
e1249n1820
e1234n1801
e1238n1817
e1266n1790
e1272n1819
e1228n1796
e1251n1789
e1259n1803
e1247n1784
e1224n1801
e1228n1785
e1252n1783
e1268n1796
e1255n1797
e1247n1798
e1229n1821
e1241n1791
e1228n1804
e1243n1812
e1225n1787
e1226n1817
e1259n1790
e1253n1797
e1268n1786
e1218n1793
e1237n1807
e1244n1826
e1216n1790
e1225n1816
e1261n1794
e1270n1798
e1256n1804
e1245n1816
e1234n1784
e1250n1803
e1238n1820
e1226n1820
e1225n1805
e1256n1788
e1261n1803
e1251n1796
e1228n1808
e1253n1792
e1243n1797
e1231n1795
e1266n1789
e1215n1793
e1257n1784
e1225n1799
e1228n1789
e1255n1785
e1243n1786
e1258n1784
e1270n1800
e1228n1806
e1225n1814
e1267n1787
e1222n1797
e1219n1792
e1223n1792
e1228n1792
e1259n1806
e1234n1799
e1236n1790
e1254n1813
e1261n1787
e1234n1800
e1218n1792
e1247n1788
e1258n1810
e1236n1784
e1229n1783
e1232n1811
e1243n1807
e1218n1797
e1242n1791
e1232n1782
e1259n1817
e1242n1792
e1267n1788
e1234n1797
e1220n1801
e1234n1783
e1273n1793
e1250n1794
e1259n1786
e1265n1791
e1227n1819
e1252n1811
e1229n1785
e1225n1800
e1249n1793
e1231n1809
e1240n1812
e1228n1783
e1266n1806
e1231n1816
e1243n1806
e1269n1795
e1268n1809
e1231n1805
e1247n1792
e1238n1793
e1237n1817
e1229n1816
e1228n1820
e1257n1812
e1229n1824
e1241n1820
e1264n1807
e1236n1815
e1250n1802
e1226n1797
e1252n1819
e1227n1820
e1233n1805
e1248n1788
e1254n1817
e1240n1809
e1272n1798
e1270n1790
e1239n1804
e1242n1788
e1253n1812
e1233n1810
e1257n1800
e1239n1819
e1242n1786
e1238n1809
e1254n1820
e1249n1799
e1244n1808
e1267n1791
e1249n1818
e1242n1789
e1263n1812
e1243n1816
e1236n1812
e1225n1788
e1249n1782
e1239n1786
e1243n1795
e1261n1807
e1249n1796
e1230n1823
e1247n1821
e1251n1790
e1264n1784
e1238n1799
e1225n1803
e1222n1793
e1236n1810
e1252n1784
e1247n1817
e1223n1800
e1229n1784
e1243n1825
e1237n1788
e1258n1787
e1226n1804
e1264n1796
e1229n1786
e1256n1797
e1227n1785
e1237n1803
e1242n1790
e1232n1783
e1255n1808
e1233n1821
e1234n1794
e1259n1805
e1257n1790
e1243n1818
e1233n1817
e1238n1784
e1235n1810
e1266n1801
e1264n1794
e1239n1793
e1226n1813
e1267n1806
e1248n1802
e1247n1801
e1232n1816
e1241n1814
e1240n1805
e1268n1785
e1248n1783
e1227n1782
e1216n1794
e1255n1802
e1247n1785
e1259n1804
e1244n1786
e1248n1820
e1228n1817
e1252n1788
e1270n1805
e1269n1793
e1222n1801
e1217n1789
e1268n1788
e1236n1796
e1242n1824
e1256n1820
e1269n1788
e1269n1796
e1233n1816
e1257n1797
e1244n1807
e1249n1791
e1238n1782
e1239n1815
e1266n1800
e1266n1788
e1253n1811
e1266n1782
e1263n1788
e1256n1793
e1217n1792
e1236n1819
e1250n1819
e1221n1789
e1269n1786
e1247n1810
e1233n1782
e1252n1812
e1227n1806
e1231n1818
e1237n1816
e1228n1809
e1243n1785
e1246n1797
e1253n1799
e1223n1797
e1245n1782
e1266n1810
e1253n1786
e1242n1811
e1228n1822
e1271n1792
e1264n1812
e1257n1799
e1254n1815
e1263n1808
e1268n1804
e1254n1805
e1239n1817
e1226n1814
e1269n1802
e1259n1792
e1253n1820
e1233n1807
e1252n1813
e1234n1807
e1270n1820
e1242n1808
e1245n1819
e1254n1793
e1228n1813
e1231n1782
e1231n1817
e1241n1796
e1228n1823
e1254n1787
e1272n1799
e1255n1784
e1257n1788
e1247n1811
e1254n1790
e1227n1786
e1259n1819
e1267n1794
e1271n1789
e1255n1801
e1262n1802
e1230n1824
e1267n1804
e1239n1790
e1265n1807
e1221n1798
e1254n1789
e1234n1810
e1260n1806
e1247n1786
e1245n1799
e1236n1785
e1249n1814
e1254n1816
e1266n1811
e1234n1817
e1237n1814
e1230n1795
e1233n1791
e1224n1787
e1229n1810
e1237n1806
e1236n1816
e1235n1784
e1235n1783
e1243n1826
e1273n1795
e1261n1798
e1260n1784
e1267n1790
e1231n1799
e1221n1795
e1261n1805
e1228n1818
e1222n1795
e1258n1791
e1263n1797
e1235n1785
e1239n1806
e1236n1807
e1262n1809
e1222n1799
e1243n1798
e1225n1804
e1257n1786
e1241n1810
e1227n1789
e1256n1799
e1260n1812
e1244n1817
e1249n1786
e1247n1814
e1230n1790
e1229n1802
e1247n1793
e1270n1795
e1226n1783
e1227n1783
e1226n1802
e1239n1789
e1267n1800
e1229n1807
e1271n1819
e1258n1783
e1242n1810
e1240n1807
e1226n1799
e1271n1791
e1260n1798
e1234n1808
e1221n1796
e1259n1787
e1256n1815
e1260n1800
e1266n1791
e1226n1805
e1259n1816
e1269n1791
e1231n1808
e1246n1822
e1244n1822
e1230n1814
e1216n1791
e1239n1820
e1227n1790
e1262n1789
e1230n1787
e1221n1793
e1215n1794
e1226n1793
e1263n1801
e1236n1791
e1258n1804
e1261n1806
e1260n1796
e1269n1789
e1270n1817
e1229n1782
e1257n1798
e1217n1793
e1258n1809
e1241n1806
e1271n1788
e1244n1783
e1229n1788
e1268n1799
e1259n1797
e1231n1803
e1267n1785
e1249n1817
e1229n1794
e1263n1785
e1228n1798
e1265n1783
e1218n1798
e1226n1782
e1220n1792
e1249n1800
e1261n1800
e1270n1821
e1247n1783
e1255n1817
e1248n1814
e1248n1787
e1245n1795
e1252n1801
e1240n1786
e1266n1809
e1258n1808
e1248n1817
e1227n1813
e1245n1818
e1269n1820
e1243n1823
e1252n1818
e1274n1792
e1234n1790
e1268n1787
e1251n1791
e1223n1804
e1232n1806
e1222n1790
e1218n1788
e1224n1803
e1240n1811
e1239n1809
e1225n1795
e1245n1788
e1242n1803
e1257n1801
e1272n1795
e1233n1796
e1238n1798
e1266n1794
e1236n1809
e1229n1801
e1260n1793
e1250n1784
e1231n1801
e1262n1794
e1263n1796
e1250n1788
e1251n1805
e1218n1800
e1226n1796
e1250n1793
e1267n1801
e1235n1791
e1234n1798
e1240n1821
e1240n1782
e1248n1794
e1242n1793
e1224n1792
e1243n1817
e1239n1799
e1272n1793
e1237n1785
e1249n1798
e1264n1804
e1227n1821
e1226n1818
e1232n1812
e1240n1803
e1234n1782
e1227n1805
e1256n1808
e1248n1812
e1269n1790
e1246n1788
e1234n1789
e1272n1792
e1271n1793
e1250n1805
e1241n1795
e1248n1782
e1228n1816
e1267n1812
e1236n1794
e1262n1784
e1263n1804
e1245n1787
e1256n1819
e1232n1803
e1232n1821
e1247n1815
e1262n1787
e1231n1819
e1259n1798
e1243n1783
e1227n1810
e1253n1801
e1226n1800
e1216n1796
e1267n1786
e1231n1822
e1225n1813
e1233n1804
e1271n1798
e1262n1793
e1231n1806
e1268n1818
e1241n1792
e1240n1785
e1263n1800
e1247n1800
e1261n1785
e1247n1818
e1244n1820
e1257n1805
e1269n1801
e1246n1794
e1267n1782
e1230n1813
e1234n1795
e1240n1814
e1229n1811
e1233n1795
e1218n1799
e1227n1792
e1232n1797
e1264n1787
e1260n1792
e1235n1788
e1246n1786
e1245n1792
e1221n1800
e1265n1788
e1268n1789
e1220n1790
e1230n1808
e1237n1794
e1258n1801
e1245n1794
e1234n1804
e1267n1792
e1233n1798
e1237n1804
e1255n1815
e1237n1792
e1255n1807
e1264n1783
e1234n1788
e1234n1792
e1247n1799
e1247n1797
e1238n1816
e1265n1789
e1246n1790
e1232n1795
e1268n1808
e1224n1820
e1240n1796
e1240n1799
e1252n1793
e1260n1808
e1241n1813
e1251n1792
e1225n1793
e1266n1813
e1254n1804
e1246n1816
e1242n1805
e1274n1790
e1228n1821
e1245n1813
e1228n1786
e1240n1819
e1241n1789
e1273n1792
e1230n1816
e1215n1791
e1253n1788
e1269n1818
e1217n1791
e1259n1784
e1238n1783
e1233n1786
e1266n1795
e1273n1790
e1259n1783
e1264n1789
e1241n1797
e1233n1799
e1270n1787
e1269n1821
e1229n1804
e1261n1788
e1257n1792
e1271n1785
e1233n1819
e1258n1802
e1238n1792
e1251n1818
e1231n1815
e1264n1786
e1237n1798
e1249n1790
e1229n1806
e1226n1822
e1240n1802
e1242n1797
e1216n1795
e1218n1796
e1237n1783
e1239n1802
e1224n1804
e1223n1790
e1248n1800
e1268n1803
e1264n1809
e1256n1805
e1232n1788
e1231n1804
e1254n1796
e1257n1807
e1250n1813
e1261n1786
e1241n1816
e1215n1796
e1232n1804
e1258n1806
e1223n1794
e1230n1786
e1268n1805
e1271n1797
e1234n1786
e1238n1802
e1225n1817
e1224n1788
e1260n1804
e1243n1813
e1251n1819
e1270n1791
e1238n1819
e1232n1817
e1255n1799
e1222n1802
e1246n1800
e1229n1819
e1244n1800
e1254n1814
e1249n1802
e1249n1819
e1258n1794
e1242n1819
e1261n1810
e1259n1818
e1237n1797
e1262n1790
e1227n1801
e1224n1797
e1246n1787
e1235n1792
e1244n1787
e1226n1795
e1259n1794
e1225n1797
e1245n1786
e1226n1786
e1271n1820
e1248n1799
e1241n1794
e1241n1812
e1272n1787
e1258n1798
e1263n1811
e1237n1786
e1259n1801
e1238n1786
e1247n1782
e1235n1817
e1261n1783
e1226n1803
e1268n1820
e1243n1804
e1263n1786
e1246n1801
e1256n1789
e1262n1812
e1241n1799
e1264n1798
e1232n1813
e1262n1792
e1228n1800
e1230n1802
e1236n1782
e1234n1803
e1247n1795
e1268n1798
e1252n1799
e1263n1793
e1264n1782
e1271n1784
e1260n1811
e1227n1814
e1263n1802
e1254n1791
e1230n1796
e1262n1805
e1262n1797
e1270n1801
e1250n1820
e1240n1793
e1250n1791
e1232n1794
e1243n1789
e1219n1794
e1245n1793
e1240n1797
e1233n1815
e1234n1811
e1251n1817
e1265n1793
e1219n1800
e1241n1824
e1226n1792
e1244n1816
e1244n1819
e1242n1812
e1224n1793
e1233n1788
e1236n1803
e1257n1782
e1232n1809
e1242n1821
e1231n1814
e1261n1784
e1221n1792
e1241n1822
e1230n1804
e1237n1782
e1248n1801
e1263n1813
e1267n1810
e1264n1800
e1225n1789
e1257n1820
e1244n1825
e1240n1806
e1261n1793
e1272n1797
e1270n1797
e1242n1787
e1238n1804
e1230n1791
e1225n1794
e1235n1812
e1272n1791
e1245n1791
e1245n1812
e1237n1813
e1243n1788
e1230n1784
e1244n1815
e1216n1793
e1239n1800
e1233n1808
e1240n1820
e1219n1798
e1231n1800
e1224n1789
e1229n1822
e1240n1789
e1227n1802
e1235n1803
e1232n1789
e1238n1795
e1231n1787
e1252n1786
e1219n1788
e1258n1795
e1263n1805
e1240n1788
e1255n1795
e1253n1791
e1229n1820
e1228n1811
e1238n1821
e1253n1814
e1267n1797
e1264n1810
e1233n1785
e1252n1791
e1232n1814
e1269n1807
e1267n1809
e1263n1798
e1233n1784
e1246n1796
e1240n1798
e1272n1796
e1263n1791
e1269n1782
e1228n1794
e1233n1789
e1227n1794
e1246n1799
e1243n1819
e1227n1788
e1228n1784
e1225n1801
e1260n1799
e1262n1808
e1228n1825
e1259n1788
e1233n1787
e1232n1784
e1271n1800
e1225n1818
e1244n1805
e1255n1793
e1228n1782
e1257n1816
e1242n1802
e1245n1809
e1244n1824
e1252n1795
e1257n1808
e1222n1791
e1239n1801
e1244n1792
e1236n1808
e1229n1825
e1245n1783
e1265n1785
e1249n1792
e1260n1809
e1239n1813
e1261n1789
e1265n1812
e1227n1812
e1251n1798
e1262n1786
e1245n1810
e1259n1799
e1230n1782
e1239n1791
e1236n1814
e1252n1805
e1266n1796
e1252n1789
e1262n1801
e1256n1795
e1220n1791
e1232n1790
e1242n1795
e1242n1800
e1239n1796
e1269n1819
e1238n1787
e1264n1788
e1250n1786
e1244n1785
e1252n1804
e1228n1787
e1239n1783
e1232n1785
e1228n1801
e1227n1811
e1258n1782
e1261n1809
e1266n1787
e1246n1792
e1228n1812
e1251n1788
e1246n1789
e1268n1807
e1229n1795
e1226n1791
e1230n1794
e1248n1816
e1231n1813
e1250n1789
e1253n1819
e1251n1799
e1229n1805
e1267n1802
e1223n1802
e1267n1793
e1228n1815
e1234n1818
e1231n1785
e1255n1794
e1254n1797
e1256n1782
e1232n1818
e1240n1801
e1225n1783
e1220n1788
e1240n1800
e1242n1817
e1266n1784
e1236n1798
e1254n1818
e1222n1794
e1264n1799
e1237n1809
e1268n1819
e1251n1797
e1252n1798
e1251n1804
e1222n1798
e1253n1789
e1257n1785
e1224n1821
e1258n1803
e1229n1823
e1266n1798
e1270n1789
e1242n1813
e1241n1818
e1260n1790
e1235n1816
e1243n1821
e1225n1785
e1239n1787
e1249n1811
e1242n1804
e1251n1816
e1267n1783
e1274n1791
e1271n1803
e1256n1818
e1226n1790
e1215n1797
e1235n1818
e1235n1809
e1258n1797
e1262n1796
e1245n1817
e1230n1819
e1231n1783
e1272n1789
e1220n1793
e1233n1792
e1231n1784
e1266n1804
e1252n1782
e1236n1799
e1263n1790
e1261n1802
e1235n1807
e1255n1790
e1244n1793
e1223n1795
e1269n1798
e1244n1810
e1255n1798
e1224n1802
e1265n1802
e1251n1813
e1237n1789
e1249n1789
e1220n1797
e1219n1790
e1267n1796
e1236n1787
e1226n1788
e1246n1798
e1227n1803
e1270n1783
e1260n1795
e1261n1812
e1246n1784
e1229n1814
e1262n1791
e1260n1782
e1245n1800
e1250n1804
e1225n1791
e1219n1789
e1231n1802
e1235n1790
e1255n1783
e1239n1814
e1261n1796
e1269n1805
e1265n1801
e1249n1815
e1255n1812
e1222n1796
e1230n1821
e1257n1815
e1253n1796
e1248n1785
e1252n1817
e1254n1803
e1225n1815
e1226n1815
e1232n1800
e1253n1800
e1247n1816
e1241n1803
e1243n1811
e1229n1818
e1242n1783
e1271n1818
e1233n1820
e1239n1782
e1225n1790
e1242n1823
e1228n1797
e1240n1808
e1222n1803
e1232n1815
e1249n1816
e1263n1792
e1228n1824
e1232n1802
e1220n1802
e1244n1782
e1272n1794
e1246n1785
e1224n1790
e1243n1793
e1259n1800
e1230n1815
e1249n1794
e1241n1793
e1238n1815
e1238n1806
e1228n1795
e1257n1811
e1240n1804
e1236n1795
e1221n1791
e1248n1784
e1256n1785
e1245n1796
e1262n1785
e1253n1795
e1260n1785
e1255n1800
e1239n1788
e1251n1793
e1237n1818
e1223n1803
e1265n1797
e1251n1820
e1257n1796
e1237n1802
e1240n1823
e1232n1807
e1232n1820
e1221n1794
e1256n1784
e1250n1814
e1238n1790
e1241n1788
e1247n1790
e1217n1798
e1228n1803
e1235n1799
e1247n1791
e1225n1796
e1246n1810
e1271n1799
e1216n1792
e1245n1814
e1265n1810
e1227n1800
e1265n1804
e1238n1796
e1270n1784
e1219n1797
e1253n1794
e1221n1797
e1232n1810
e1248n1818
e1267n1795
e1241n1823
e1266n1803
e1268n1795
e1254n1783
e1243n1822
e1241n1782
e1254n1801
e1255n1806
e1237n1793
e1222n1792
e1269n1817
e1242n1818
e1248n1797
e1269n1794
e1243n1790
e1230n1817
e1267n1807
e1244n1797
e1238n1797
e1265n1803
e1253n1782
e1225n1782
e1247n1820
e1259n1808
e1229n1800
e1245n1784
e1230n1811
e1244n1798
e1271n1802
e1249n1788
e1262n1800
e1237n1800
e1245n1789
e1251n1803
e1270n1796
e1222n1800
e1258n1815
e1258n1789
e1274n1793
e1258n1796
e1236n1802
e1271n1796
e1230n1820
e1263n1789
e1243n1802
e1240n1817
e1250n1812
e1234n1793
e1270n1785
e1268n1801
e1232n1786
e1235n1806
e1256n1796
e1246n1791
e1253n1783
e1247n1796
e1270n1804
e1246n1813
e1241n1808
e1256n1817
e1230n1792
e1273n1820
e1256n1800
e1231n1793
e1253n1805
e1237n1790
e1227n1796
e1249n1787
e1234n1787
e1255n1791
e1254n1819
e1266n1793
e1254n1792
e1219n1791
e1242n1809
e1255n1816
e1270n1788
e1254n1785
e1233n1793
e1241n1800
e1239n1798
e1256n1814
e1265n1806
e1234n1796
e1244n1794
e1256n1816
e1215n1792
e1240n1816
e1248n1804
e1248n1789
e1237n1805
e1258n1818
e1235n1796
e1238n1785
e1251n1800
e1243n1787
e1235n1787
e1269n1799
e1223n1793
e1244n1821
e1242n1796
e1217n1799
e1263n1784
e1235n1789
e1255n1796
e1233n1818
e1231n1810
e1250n1817
e1245n1822
e1255n1804
e1263n1799
e1259n1785
e1245n1823
e1260n1788
e1227n1815
e1255n1787
e1240n1795
e1226n1798
e1235n1793
e1237n1799
e1262n1795
e1258n1812
e1245n1806
e1249n1784
e1250n1795
e1228n1793
e1233n1800
e1261n1801
e1234n1809
e1264n1790
e1271n1790
e1215n1789
e1233n1797
e1230n1810
e1245n1808
e1225n1798
e1231n1786
e1219n1801
e1237n1801
e1255n1813
e1242n1816
e1245n1797
e1255n1814
e1250n1815
e1263n1783
e1217n1790
e1258n1788
e1241n1815
e1256n1812
e1264n1792
e1236n1789
e1263n1810
e1224n1798
e1215n1795
e1251n1801
e1248n1786
e1238n1791
e1237n1815
e1236n1792
e1227n1791
e1234n1806
e1256n1786
e1239n1784
e1230n1803
e1216n1798
e1264n1808
e1232n1799
e1242n1794
e1268n1793
e1223n1789
e1257n1803
e1247n1822
e1231n1790
e1265n1800
e1267n1789
e1219n1799
e1266n1786
e1248n1813
e1245n1807
e1227n1824
e1259n1809
e1269n1797
e1246n1782
e1264n1811
e1246n1815
e1238n1789
e1235n1798
e1246n1818
e1253n1798
e1268n1782
e1238n1788
e1230n1799
e1233n1812
e1245n1785
e1227n1797
e1220n1795
e1233n1790
e1258n1819
e1257n1804
e1269n1792
e1238n1818
e1243n1784
e1255n1789
e1234n1816
e1272n1821
e1228n1819
e1226n1794
e1238n1811
e1230n1806
e1230n1812
e1236n1806
e1236n1813
e1253n1804
e1256n1791
e1221n1801
e1245n1820
e1238n1813
e1231n1789
e1263n1787
e1242n1785
e1243n1805
e1225n1802
e1230n1801
e1262n1798
e1233n1803
e1255n1805
e1263n1806
e1229n1790
e1268n1817
e1263n1782
e1236n1786
e1256n1794
e1236n1797
e1240n1794
e1254n1812
e1225n1784
e1268n1794
e1262n1806
e1252n1792
e1249n1783
e1266n1792
e1229n1789
e1265n1790
e1256n1790
e1261n1797
e1254n1802
e1228n1807
e1266n1783
e1242n1820
e1261n1792
e1269n1784
e1259n1789
e1268n1783
e1254n1784
e1257n1806
e1272n1800
e1231n1797
e1273n1788
e1217n1794
e1235n1811
e1243n1814
e1225n1792
e1231n1821
e1229n1797
e1236n1800
e1248n1795
e1259n1810
e1240n1822
e1262n1788
e1250n1796
e1218n1795
e1260n1802
e1265n1808
e1227n1816
e1234n1814
e1263n1809
e1226n1812
e1242n1807
e1258n1820
e1229n1817
e1216n1789
e1250n1811
e1248n1815
e1246n1812
e1227n1784
e1260n1789
e1234n1791
e1239n1818
e1253n1813
e1246n1823
e1262n1804
e1254n1811
e1241n1786
e1241n1819
e1232n1796
e1224n1800
e1235n1819
e1256n1806
e1251n1814
e1250n1799
e1238n1800
e1220n1796
e1232n1801
e1264n1813
e1239n1811
e1262n1810
e1270n1803
e1237n1820
e1229n1799
e1227n1787
e1264n1793
e1239n1816
e1257n1791
e1243n1824
e1243n1799
e1267n1805
e1229n1791
e1224n1799
e1240n1818
e1236n1801
e1256n1801
e1229n1798
e1256n1798
e1233n1814
e1247n1794
e1268n1791
e1249n1813
e1220n1798
e1230n1818
e1254n1788
e1250n1800
e1259n1795
e1260n1807
e1241n1787
e1216n1797
e1266n1807
e1242n1814
e1250n1797
e1241n1801
e1253n1785
e1258n1786
e1230n1785
e1252n1815
e1261n1790
e1257n1793
e1258n1785
e1233n1806
e1217n1800
e1234n1785
e1227n1817
e1251n1787
e1273n1791
e1234n1812
e1242n1799
e1265n1786
e1230n1793
e1259n1782
