TileName,
2024661NW
2024669SW
2024669NW
2024677SW
2024677NW
2024685NW
2024661NE
2024669SE
2024669NE
2024677SE
2024677NE
2024685SE
2024685NE
2024693SE
2024693NE
2038661NW
2038669SW
2038669NW
2038677SW
2038677NW
2038685SW
2038685NW
2038693SW
2038661NE
2038669SE
2038669NE
2038677SE
2038677NE
2038685SE
2038685NE
2052661NW
2052669SW
2052669NW
2052677SW
2052677NW
2052685SW
2052685NW
2052661NE
2052669SE
2052669NE
2052677SE
2052677NE
2052685SE
2052685NE
2066661NW
2066669SW
2066669NW
2066677SW
2066677NW
2066685SW
2066661NE
2066669SE
2066669NE
2066677SE
2066677NE
2066685SE
2080661NW
2080669SW
2080669NW
2080677SW
2080677NW
2080685SW
2080661NE
2080669SE
2080669NE
2080677SE
2080677NE
2080685SE
2080685NE
2094661NW
2094669SW
2094669NW
2094677SW
2094677NW
2094685SW
2094685NW
2094661NE
2094669SE
2094669NE
2094677SE
2094677NE
2094685SE
2094685NE
2094693SE
2094693NE
2094701SE
2108661NW
2108669SW
2108669NW
2108677SW
2108677NW
2108685SW
2108685NW
2108693SW
2108693NW
2108701SW
2108701NW
2108661NE
2108669SE
2108669NE
2108677SE
2108677NE
2108685SE
2108685NE
2108693SE
2108693NE
2108701SE
2108701NE
2108709SE
2108709NE
2108717SE
2122661NW
2122669SW
2122669NW
2122677SW
2122677NW
2122685SW
2122685NW
2122693SW
2122693NW
2122701SW
2122701NW
2122709SW
2122709NW
2122717SW
2122661NE
2122669SE
2122669NE
2122677SE
2122677NE
2122685SE
2122685NE
2122693SE
2122693NE
2122701SE
2122701NE
2122709SE
2136661NW
2136669SW
2136669NW
2136677SW
2136677NW
2136685SW
2136685NW
2136693SW
2136661NE
2136669SE
2136669NE
2136677SE
2136677NE
2136685SE
2136685NE
2150661NW
2150669SW
2150669NW
2150677SW
2150677NW
2150685SW
2150685NW
2150661NE
2150669SE
2150669NE
2150677SE
2150677NE
2150685SE
2164661NW
2164669SW
2164669NW
2164677SW
2164677NW
2164685SW
2164661NE
2164669SE
2164669NE
2164677SE
2178597SW
2178597NW
2178605SW
2178605NW
2178613SW
2178613NW
2178621SW
2178621NW
2178629SW
2178629NW
2178637SW
2178637NW
2178645SW
2178645NW
2178653SW
2178653NW
2178661SW
2178661NW
2178669SW
2178669NW
2178597SE
2178597NE
2178605SE
2178605NE
2178613SE
2178613NE
2178621SE
2178621NE
2178629SE
2178629NE
2178637SE
2178637NE
2178645SE
2178645NE
2178653SE
2178653NE
2178661SE
2178661NE
2178669SE
2178669NE
2192637NW
2192645SW
2192645NW
2192653SW
2192653NW
2192661SW
2192661NW
2192637NE
2192645SE
2192645NE
2192653SE
2192653NE
2192661SE
2206637NW
2206645SW
2206645NW
2206653SW
2206653NW
2206661SW
2206637NE
2206645SE
2206645NE
2206653SE
2206653NE
2206661SE
2220645SW
2220645NW
2220653SW
2220653NW
2220653SE
2220653NE
2024637NW
2024645SW
2024645NW
2024653SW
2024653NW
2024661SW
2024629SE
2024629NE
2024637SE
2024637NE
2024645SE
2024645NE
2024653SE
2024653NE
2024661SE
2038629SW
2038629NW
2038637SW
2038637NW
2038645SW
2038645NW
2038653SW
2038653NW
2038661SW
2038629NE
2038637SE
2038637NE
2038645SE
2038645NE
2038653SE
2038653NE
2038661SE
2052629SW
2052629NW
2052637SW
2052637NW
2052645SW
2052645NW
2052653SW
2052653NW
2052661SW
2052613NE
2052621SE
2052621NE
2052629SE
2052629NE
2052637SE
2052637NE
2052645SE
2052645NE
2052653SE
2052653NE
2052661SE
2066605NW
2066613SW
2066613NW
2066621SW
2066621NW
2066629SW
2066629NW
2066637SW
2066637NW
2066645SW
2066645NW
2066653SW
2066653NW
2066661SW
2066605NE
2066613SE
2066613NE
2066621SE
2066621NE
2066629SE
2066629NE
2066637SE
2066637NE
2066645SE
2066645NE
2066653SE
2066653NE
2066661SE
2080613NW
2080621SW
2080621NW
2080629SW
2080629NW
2080637SW
2080637NW
2080645SW
2080645NW
2080653SW
2080653NW
2080661SW
2080613NE
2080621SE
2080621NE
2080629SE
2080629NE
2080637SE
2080637NE
2080645SE
2080645NE
2080653SE
2080653NE
2080661SE
2094621NW
2094629SW
2094629NW
2094637SW
2094637NW
2094645SW
2094645NW
2094653SW
2094653NW
2094661SW
2094629NE
2094637SE
2094637NE
2094645SE
2094645NE
2094653SE
2094653NE
2094661SE
2108629NW
2108637SW
2108637NW
2108645SW
2108645NW
2108653SW
2108653NW
2108661SW
2108629NE
2108637SE
2108637NE
2108645SE
2108645NE
2108653SE
2108653NE
2108661SE
2122629SW
2122629NW
2122637SW
2122637NW
2122645SW
2122645NW
2122653SW
2122653NW
2122661SW
2122629SE
2122629NE
2122637SE
2122637NE
2122645SE
2122645NE
2122653SE
2122653NE
2122661SE
2136621NW
2136629SW
2136629NW
2136637SW
2136637NW
2136645SW
2136645NW
2136653SW
2136653NW
2136661SW
2136621NE
2136629SE
2136629NE
2136637SE
2136637NE
2136645SE
2136645NE
2136653SE
2136653NE
2136661SE
2150621SW
2150621NW
2150629SW
2150629NW
2150637SW
2150637NW
2150645SW
2150645NW
2150653SW
2150653NW
2150661SW
2150613NE
2150621SE
2150621NE
2150629SE
2150629NE
2150637SE
2150637NE
2150645SE
2150645NE
2150653SE
2150653NE
2150661SE
2164613NW
2164621SW
2164621NW
2164629SW
2164629NW
2164637SW
2164637NW
2164645SW
2164645NW
2164653SW
2164653NW
2164661SW
2164597NE
2164605SE
2164605NE
2164613SE
2164613NE
2164621SE
2164621NE
2164629SE
2164629NE
2164637SE
2164637NE
2164645SE
2164645NE
2164653SE
2164653NE
2164661SE
