Name,
BM168
BM169
BN166
BN167
BN168
BN169
BO165
BO166
BO167
BO168
BO169
BO170
BP164
BP165
BP166
BP167
BP168
BP169
BP170
BQ163
BQ164
BQ165
BQ166
BQ167
BQ168
BQ169
BQ170
BQ171
BR162
BR163
BR164
BR165
BR166
BR167
BR168
BR169
BR170
BR171
BS161
BS162
BS163
BS164
BS165
BS166
BS167
BS168
BS169
BS170
BS171
BS172
BT159
BT160
BT161
BT162
BT163
BT164
BT165
BT166
BT167
BT168
BT169
BT170
BT171
BT172
BU158
BU159
BU160
BU161
BU162
BU163
BU164
BU165
BU166
BU167
BU168
BU169
BU170
BU171
BU172
BU173
BV157
BV158
BV159
BV160
BV161
BV162
BV163
BV164
BV165
BV166
BV167
BV168
BV169
BV170
BV171
BV172
BV173
BV174
BW156
BW157
BW158
BW159
BW160
BW161
BW162
BW163
BW164
BW165
BW166
BW167
BW168
BW169
BW170
BW171
BW172
BW173
BW174
BX155
BX156
BX157
BX158
BX159
BX160
BX161
BX162
BX163
BX164
BX165
BX166
BX167
BX168
BX169
BX170
BX171
BX172
BX173
BX174
BX175
BY152
BY153
BY154
BY155
BY156
BY157
BY158
BY159
BY160
BY161
BY162
BY163
BY164
BY165
BY166
BY167
BY168
BY169
BY170
BY171
BY172
BY173
BY174
BY175
BZ150
BZ151
BZ152
BZ153
BZ154
BZ155
BZ156
BZ157
BZ158
BZ159
BZ160
BZ161
BZ162
BZ163
BZ164
BZ165
BZ166
BZ167
BZ168
BZ169
BZ170
BZ171
BZ172
BZ173
BZ174
BZ175
BZ176
CA149
CA150
CA151
CA152
CA153
CA154
CA155
CA156
CA157
CA158
CA159
CA160
CA161
CA162
CA163
CA164
CA165
CA166
CA167
CA168
CA169
CA170
CA171
CA172
CA173
CA174
CA175
CA176
CB149
CB150
CB151
CB152
CB153
CB154
CB155
CB156
CB157
CB158
CB159
CB160
CB161
CB162
CB163
CB164
CB165
CB166
CB167
CB168
CB169
CB170
CB171
CB172
CB173
CB174
CB175
CB176
CB177
CC149
CC150
CC151
CC152
CC153
CC154
CC155
CC156
CC157
CC158
CC159
CC160
CC161
CC162
CC163
CC164
CC165
CC166
CC167
CC168
CC169
CC170
CC171
CC172
CC173
CC174
CC175
CC176
CC177
CC178
CD148
CD149
CD150
CD151
CD152
CD153
CD154
CD155
CD156
CD157
CD158
CD159
CD160
CD161
CD162
CD163
CD164
CD165
CD166
CD167
CD168
CD169
CD170
CD171
CD172
CD173
CD174
CD175
CD176
CD177
CD178
CE148
CE149
CE150
CE151
CE152
CE153
CE154
CE155
CE156
CE157
CE158
CE159
CE160
CE161
CE162
CE163
CE164
CE165
CE166
CE167
CE168
CE169
CE170
CE171
CE172
CE173
CE174
CE175
CE176
CE177
CE178
CE179
CF148
CF149
CF150
CF151
CF152
CF153
CF154
CF155
CF156
CF157
CF158
CF159
CF160
CF161
CF162
CF163
CF164
CF165
CF166
CF167
CF168
CF169
CF170
CF171
CF172
CF173
CF174
CF175
CF176
CF177
CF178
CF179
CF189
CF190
CF191
CF192
CF193
CF196
CF197
CF198
CF199
CF200
CF201
CG146
CG147
CG148
CG149
CG150
CG151
CG152
CG153
CG154
CG155
CG156
CG157
CG158
CG159
CG160
CG161
CG162
CG163
CG164
CG165
CG166
CG167
CG168
CG169
CG170
CG171
CG172
CG173
CG174
CG175
CG176
CG177
CG178
CG179
CG180
CG185
CG186
CG187
CG188
CG189
CG190
CG191
CG192
CG193
CG194
CG195
CG196
CG197
CG198
CG199
CG200
CG201
CG202
CG203
CH146
CH147
CH148
CH149
CH150
CH151
CH152
CH153
CH154
CH155
CH156
CH157
CH158
CH159
CH160
CH161
CH162
CH163
CH164
CH165
CH166
CH167
CH168
CH169
CH170
CH171
CH172
CH173
CH174
CH175
CH176
CH177
CH178
CH179
CH180
CH182
CH183
CH184
CH185
CH186
CH187
CH188
CH189
CH190
CH191
CH192
CH193
CH194
CH195
CH196
CH197
CH198
CH199
CH200
CH201
CH202
CH203
CI146
CI147
CI148
CI149
CI150
CI151
CI152
CI153
CI154
CI155
CI156
CI157
CI158
CI159
CI160
CI161
CI162
CI163
CI164
CI165
CI166
CI167
CI168
CI169
CI170
CI171
CI172
CI173
CI174
CI175
CI176
CI177
CI178
CI179
CI180
CI181
CI182
CI183
CI184
CI185
CI186
CI187
CI188
CI189
CI190
CI191
CI192
CI193
CI194
CI195
CI196
CI197
CI198
CI199
CI200
CI201
CI202
CI203
CI204
CJ145
CJ146
CJ147
CJ148
CJ149
CJ150
CJ151
CJ152
CJ153
CJ154
CJ155
CJ156
CJ157
CJ158
CJ159
CJ160
CJ161
CJ162
CJ163
CJ164
CJ165
CJ166
CJ167
CJ168
CJ169
CJ170
CJ171
CJ172
CJ173
CJ174
CJ175
CJ176
CJ177
CJ178
CJ179
CJ180
CJ181
CJ182
CJ183
CJ184
CJ185
CJ186
CJ187
CJ188
CJ189
CJ190
CJ191
CJ192
CJ193
CJ194
CJ195
CJ196
CJ197
CJ198
CJ199
CJ200
CJ201
CJ202
CJ203
CJ204
CK145
CK146
CK147
CK148
CK149
CK150
CK151
CK152
CK153
CK154
CK155
CK156
CK157
CK158
CK159
CK160
CK161
CK162
CK163
CK164
CK165
CK166
CK167
CK168
CK169
CK170
CK171
CK172
CK173
CK174
CK175
CK176
CK177
CK178
CK179
CK180
CK181
CK182
CK183
CK184
CK185
CK186
CK187
CK188
CK189
CK190
CK191
CK192
CK193
CK194
CK195
CK196
CK197
CK198
CK199
CK200
CK201
CK202
CK203
CK204
CL146
CL147
CL148
CL149
CL150
CL151
CL152
CL153
CL154
CL155
CL156
CL157
CL158
CL159
CL160
CL161
CL162
CL163
CL164
CL165
CL166
CL167
CL168
CL169
CL170
CL171
CL172
CL173
CL174
CL175
CL176
CL177
CL178
CL179
CL180
CL181
CL182
CL183
CL184
CL185
CL186
CL187
CL188
CL189
CL190
CL191
CL192
CL193
CL194
CL195
CL196
CL197
CL198
CL199
CL200
CL201
CL202
CL203
CL204
CL205
CM146
CM147
CM148
CM149
CM150
CM151
CM152
CM153
CM154
CM155
CM156
CM157
CM158
CM159
CM160
CM161
CM162
CM163
CM164
CM165
CM166
CM167
CM168
CM169
CM170
CM171
CM172
CM173
CM174
CM175
CM176
CM177
CM178
CM179
CM180
CM181
CM182
CM183
CM184
CM185
CM186
CM187
CM188
CM189
CM190
CM191
CM192
CM193
CM194
CM195
CM196
CM197
CM198
CM199
CM200
CM201
CM202
CM203
CM204
CM205
CM206
CN146
CN147
CN148
CN149
CN150
CN151
CN152
CN153
CN154
CN155
CN156
CN157
CN158
CN159
CN160
CN161
CN162
CN163
CN164
CN165
CN166
CN167
CN168
CN169
CN170
CN171
CN172
CN173
CN174
CN175
CN176
CN177
CN178
CN179
CN180
CN181
CN182
CN183
CN184
CN185
CN186
CN187
CN188
CN189
CN190
CN191
CN192
CN193
CN194
CN195
CN196
CN197
CN198
CN199
CN200
CN201
CN202
CN203
CN204
CN205
CN206
CO145
CO146
CO147
CO148
CO149
CO150
CO151
CO152
CO153
CO154
CO155
CO156
CO157
CO158
CO159
CO160
CO161
CO162
CO163
CO164
CO165
CO166
CO167
CO168
CO169
CO170
CO171
CO172
CO173
CO174
CO175
CO176
CO177
CO178
CO179
CO180
CO181
CO182
CO183
CO184
CO185
CO186
CO187
CO188
CO189
CO190
CO191
CO192
CO193
CO194
CO195
CO196
CO197
CO198
CO199
CO200
CO201
CO202
CO203
CO204
CO205
CO206
CP145
CP146
CP147
CP148
CP149
CP150
CP151
CP152
CP153
CP154
CP155
CP156
CP157
CP158
CP159
CP160
CP161
CP162
CP163
CP164
CP165
CP166
CP167
CP168
CP169
CP170
CP171
CP172
CP173
CP174
CP175
CP176
CP177
CP178
CP179
CP180
CP181
CP182
CP183
CP184
CP185
CP186
CP187
CP188
CP189
CP190
CP191
CP192
CP193
CP194
CP195
CP196
CP197
CP198
CP199
CP200
CP201
CP202
CP203
CP204
CP205
CP206
CP207
CQ143
CQ144
CQ145
CQ146
CQ147
CQ148
CQ149
CQ150
CQ151
CQ152
CQ153
CQ154
CQ155
CQ156
CQ157
CQ158
CQ159
CQ160
CQ161
CQ162
CQ163
CQ164
CQ165
CQ166
CQ167
CQ168
CQ169
CQ170
CQ171
CQ172
CQ173
CQ174
CQ175
CQ176
CQ177
CQ178
CQ179
CQ180
CQ181
CQ182
CQ183
CQ184
CQ185
CQ186
CQ187
CQ188
CQ189
CQ190
CQ191
CQ192
CQ193
CQ194
CQ195
CQ196
CQ197
CQ198
CQ199
CQ200
CQ201
CQ202
CQ203
CQ204
CQ205
CQ206
CQ207
CQ208
CR143
CR144
CR145
CR146
CR147
CR148
CR149
CR150
CR151
CR152
CR153
CR154
CR155
CR156
CR157
CR158
CR159
CR160
CR161
CR162
CR163
CR164
CR165
CR166
CR167
CR168
CR169
CR170
CR171
CR172
CR173
CR174
CR175
CR176
CR177
CR178
CR179
CR180
CR181
CR182
CR183
CR184
CR185
CR186
CR187
CR188
CR189
CR190
CR191
CR192
CR193
CR194
CR195
CR196
CR197
CR198
CR199
CR200
CR201
CR202
CR203
CR204
CR205
CR206
CR207
CR208
CS144
CS145
CS146
CS147
CS148
CS149
CS150
CS151
CS152
CS153
CS154
CS155
CS156
CS157
CS158
CS159
CS160
CS161
CS162
CS163
CS164
CS165
CS166
CS167
CS168
CS169
CS170
CS171
CS172
CS173
CS174
CS175
CS176
CS177
CS178
CS179
CS180
CS181
CS182
CS183
CS184
CS185
CS186
CS187
CS188
CS189
CS190
CS191
CS192
CS193
CS194
CS195
CS196
CS197
CS198
CS199
CS200
CS201
CS202
CS203
CS204
CS205
CS206
CS207
CS208
CS209
CT144
CT145
CT146
CT147
CT148
CT149
CT150
CT151
CT152
CT153
CT154
CT155
CT156
CT157
CT158
CT159
CT160
CT161
CT162
CT163
CT164
CT165
CT166
CT167
CT168
CT169
CT170
CT171
CT172
CT173
CT174
CT175
CT176
CT177
CT178
CT179
CT180
CT181
CT182
CT183
CT184
CT185
CT186
CT187
CT188
CT189
CT190
CT191
CT192
CT193
CT194
CT195
CT196
CT197
CT198
CT199
CT200
CT201
CT202
CT203
CT204
CT205
CT206
CT207
CT208
CT209
CT210
CU142
CU143
CU144
CU145
CU146
CU147
CU148
CU149
CU150
CU151
CU152
CU153
CU154
CU155
CU156
CU157
CU158
CU159
CU160
CU161
CU162
CU163
CU164
CU165
CU166
CU167
CU168
CU169
CU170
CU171
CU172
CU173
CU174
CU175
CU176
CU177
CU178
CU179
CU180
CU181
CU182
CU183
CU184
CU185
CU186
CU187
CU188
CU189
CU190
CU191
CU192
CU193
CU194
CU195
CU196
CU197
CU198
CU199
CU200
CU201
CU202
CU203
CU204
CU205
CU206
CU207
CU208
CU209
CU210
CU211
CV142
CV143
CV144
CV145
CV146
CV147
CV148
CV149
CV150
CV151
CV152
CV153
CV154
CV155
CV156
CV157
CV158
CV159
CV160
CV161
CV162
CV163
CV164
CV165
CV166
CV167
CV168
CV169
CV170
CV171
CV172
CV173
CV174
CV175
CV176
CV177
CV178
CV179
CV180
CV181
CV182
CV183
CV184
CV185
CV186
CV187
CV188
CV189
CV190
CV191
CV192
CV193
CV194
CV195
CV196
CV197
CV198
CV199
CV200
CV201
CV202
CV203
CV204
CV205
CV206
CV207
CV208
CV209
CV210
CV211
CV212
CW143
CW144
CW145
CW146
CW147
CW148
CW149
CW150
CW151
CW152
CW153
CW154
CW155
CW156
CW157
CW158
CW159
CW160
CW161
CW162
CW163
CW164
CW165
CW166
CW167
CW168
CW169
CW170
CW171
CW172
CW173
CW174
CW175
CW176
CW177
CW178
CW179
CW180
CW181
CW182
CW183
CW184
CW185
CW186
CW187
CW188
CW189
CW190
CW191
CW192
CW193
CW194
CW195
CW196
CW197
CW198
CW199
CW200
CW201
CW202
CW203
CW204
CW205
CW206
CW207
CW208
CW209
CW210
CW211
CW212
CW213
CX148
CX149
CX150
CX151
CX152
CX153
CX154
CX155
CX156
CX157
CX158
CX159
CX160
CX161
CX162
CX163
CX164
CX165
CX166
CX167
CX168
CX169
CX170
CX171
CX172
CX173
CX174
CX175
CX176
CX177
CX178
CX179
CX180
CX181
CX182
CX183
CX184
CX185
CX186
CX187
CX188
CX189
CX190
CX191
CX192
CX193
CX194
CX195
CX196
CX197
CX198
CX199
CX200
CX201
CX202
CX203
CX204
CX205
CX206
CX207
CX208
CX209
CX210
CX211
CX212
CX213
CX214
CY155
CY156
CY157
CY158
CY159
CY160
CY161
CY162
CY163
CY164
CY165
CY166
CY167
CY168
CY169
CY170
CY171
CY172
CY173
CY174
CY175
CY176
CY177
CY178
CY179
CY180
CY181
CY182
CY183
CY184
CY185
CY186
CY187
CY188
CY189
CY190
CY191
CY192
CY193
CY194
CY195
CY196
CY197
CY198
CY199
CY200
CY201
CY202
CY203
CY204
CY205
CY206
CY207
CY208
CY209
CY210
CY211
CY212
CY213
CY214
CY215
CZ161
CZ162
CZ163
CZ164
CZ165
CZ166
CZ167
CZ168
CZ169
CZ170
CZ171
CZ172
CZ173
CZ174
CZ175
CZ176
CZ177
CZ178
CZ179
CZ180
CZ181
CZ182
CZ183
CZ184
CZ185
CZ186
CZ187
CZ188
CZ189
CZ190
CZ191
CZ192
CZ193
CZ194
CZ195
CZ196
CZ197
CZ198
CZ199
CZ200
CZ201
CZ202
CZ203
CZ204
CZ205
CZ206
CZ207
CZ208
CZ209
CZ210
CZ211
CZ212
CZ213
CZ214
CZ215
CZ216
DA162
DA163
DA164
DA165
DA166
DA167
DA168
DA169
DA170
DA171
DA172
DA173
DA174
DA175
DA176
DA177
DA178
DA179
DA180
DA181
DA182
DA183
DA184
DA185
DA186
DA187
DA188
DA189
DA190
DA191
DA192
DA193
DA194
DA195
DA196
DA197
DA198
DA199
DA200
DA201
DA202
DA203
DA204
DA205
DA206
DA207
DA208
DA209
DA210
DA211
DA212
DA213
DA214
DA215
DA216
DA217
DB162
DB163
DB164
DB165
DB166
DB167
DB168
DB169
DB170
DB171
DB172
DB173
DB174
DB175
DB176
DB177
DB178
DB179
DB180
DB181
DB182
DB183
DB184
DB185
DB186
DB187
DB188
DB189
DB190
DB191
DB192
DB193
DB194
DB195
DB196
DB197
DB198
DB199
DB200
DB201
DB202
DB203
DB204
DB205
DB206
DB207
DB208
DB209
DB210
DB211
DB212
DB213
DB214
DB215
DB216
DB217
DB218
DC163
DC164
DC165
DC166
DC167
DC168
DC169
DC170
DC171
DC172
DC173
DC174
DC175
DC176
DC177
DC178
DC179
DC180
DC181
DC182
DC183
DC184
DC185
DC186
DC187
DC188
DC189
DC190
DC191
DC192
DC193
DC194
DC195
DC196
DC197
DC198
DC199
DC200
DC201
DC202
DC203
DC204
DC205
DC206
DC207
DC208
DC209
DC210
DC211
DC212
DC213
DC214
DC215
DC216
DC217
DC218
DC219
DD164
DD165
DD166
DD167
DD168
DD169
DD170
DD171
DD172
DD173
DD174
DD175
DD176
DD177
DD178
DD179
DD180
DD181
DD182
DD183
DD184
DD185
DD186
DD187
DD188
DD189
DD190
DD191
DD192
DD193
DD194
DD195
DD196
DD197
DD198
DD199
DD200
DD201
DD202
DD203
DD204
DD205
DD206
DD207
DD208
DD209
DD210
DD211
DD212
DD213
DD214
DD215
DD216
DD217
DD218
DD219
DE165
DE166
DE167
DE168
DE169
DE170
DE171
DE172
DE173
DE174
DE175
DE176
DE177
DE178
DE179
DE180
DE181
DE182
DE183
DE184
DE185
DE186
DE187
DE188
DE189
DE190
DE191
DE192
DE193
DE194
DE195
DE196
DE197
DE198
DE199
DE200
DE201
DE202
DE203
DE204
DE205
DE206
DE207
DE208
DE209
DE210
DE211
DE212
DE213
DE214
DE215
DE216
DE217
DE218
DE219
DE220
DF165
DF166
DF167
DF168
DF169
DF170
DF171
DF172
DF173
DF174
DF175
DF176
DF177
DF178
DF179
DF180
DF181
DF182
DF183
DF184
DF185
DF186
DF187
DF188
DF189
DF190
DF191
DF192
DF193
DF194
DF195
DF196
DF197
DF198
DF199
DF200
DF201
DF202
DF203
DF204
DF205
DF206
DF207
DF208
DF209
DF210
DF211
DF212
DF213
DF214
DF215
DF216
DF217
DF218
DF219
DF220
DG166
DG167
DG168
DG169
DG170
DG171
DG172
DG173
DG174
DG175
DG176
DG177
DG178
DG179
DG180
DG181
DG182
DG183
DG184
DG185
DG186
DG187
DG188
DG189
DG190
DG191
DG192
DG193
DG194
DG195
DG196
DG197
DG198
DG199
DG200
DG201
DG202
DG203
DG204
DG205
DG206
DG207
DG208
DG209
DG210
DG211
DG212
DG213
DG214
DG215
DG216
DG217
DG218
DG219
DG220
DG221
DH166
DH167
DH168
DH169
DH170
DH171
DH172
DH173
DH174
DH175
DH176
DH177
DH178
DH179
DH180
DH181
DH182
DH183
DH184
DH185
DH186
DH187
DH188
DH189
DH190
DH191
DH192
DH193
DH194
DH195
DH196
DH197
DH198
DH199
DH200
DH201
DH202
DH203
DH204
DH205
DH206
DH207
DH208
DH209
DH210
DH211
DH212
DH213
DH214
DH215
DH216
DH217
DH218
DH219
DH220
DH221
DI167
DI168
DI169
DI170
DI171
DI172
DI173
DI174
DI175
DI176
DI177
DI178
DI179
DI180
DI181
DI182
DI183
DI184
DI185
DI186
DI187
DI188
DI189
DI190
DI191
DI192
DI193
DI194
DI195
DI196
DI197
DI198
DI199
DI200
DI201
DI202
DI203
DI204
DI205
DI206
DI207
DI208
DI209
DI210
DI211
DI212
DI213
DI214
DI215
DI216
DI217
DI218
DI219
DI220
DI221
DJ168
DJ169
DJ170
DJ171
DJ172
DJ173
DJ174
DJ175
DJ176
DJ177
DJ178
DJ179
DJ180
DJ181
DJ182
DJ183
DJ184
DJ185
DJ186
DJ187
DJ188
DJ189
DJ190
DJ191
DJ192
DJ193
DJ194
DJ195
DJ196
DJ197
DJ198
DJ199
DJ200
DJ201
DJ202
DJ203
DJ204
DJ205
DJ206
DJ207
DJ208
DJ209
DJ210
DJ211
DJ212
DJ213
DJ214
DJ215
DJ216
DJ217
DJ218
DJ219
DJ220
DJ221
DJ222
DK168
DK169
DK170
DK171
DK172
DK173
DK174
DK175
DK176
DK177
DK178
DK179
DK180
DK181
DK182
DK183
DK184
DK185
DK186
DK187
DK188
DK189
DK190
DK191
DK192
DK193
DK194
DK195
DK196
DK197
DK198
DK199
DK200
DK201
DK202
DK203
DK204
DK205
DK206
DK207
DK208
DK209
DK210
DK211
DK212
DK213
DK214
DK215
DK216
DK217
DK218
DK219
DK220
DK221
DK222
DK223
DL167
DL168
DL169
DL170
DL171
DL172
DL173
DL174
DL175
DL176
DL177
DL178
DL179
DL180
DL181
DL182
DL183
DL184
DL185
DL186
DL187
DL188
DL189
DL190
DL191
DL192
DL193
DL194
DL195
DL196
DL197
DL198
DL199
DL200
DL201
DL202
DL203
DL204
DL205
DL206
DL207
DL208
DL209
DL210
DL211
DL212
DL213
DL214
DL215
DL216
DL217
DL218
DL219
DL220
DL221
DL222
DL223
DM167
DM168
DM169
DM170
DM171
DM172
DM173
DM174
DM175
DM176
DM177
DM178
DM179
DM180
DM181
DM182
DM183
DM184
DM185
DM186
DM187
DM188
DM189
DM190
DM191
DM192
DM193
DM194
DM195
DM196
DM197
DM198
DM199
DM200
DM201
DM202
DM203
DM204
DM205
DM206
DM207
DM208
DM209
DM210
DM211
DM212
DM213
DM214
DM215
DM216
DM217
DM218
DM219
DM220
DM221
DM222
DN166
DN167
DN168
DN169
DN170
DN171
DN172
DN173
DN174
DN175
DN176
DN177
DN178
DN179
DN180
DN181
DN182
DN183
DN184
DN185
DN186
DN187
DN188
DN189
DN190
DN191
DN192
DN193
DN194
DN195
DN196
DN197
DN198
DN199
DN200
DN201
DN202
DN203
DN204
DN205
DN206
DN207
DN208
DN209
DN210
DN211
DN212
DN213
DN214
DN215
DN216
DN217
DN218
DN219
DN220
DN221
DN222
DN223
DO165
DO166
DO167
DO168
DO169
DO170
DO171
DO172
DO173
DO174
DO175
DO176
DO177
DO178
DO179
DO180
DO181
DO182
DO183
DO184
DO185
DO186
DO187
DO188
DO189
DO190
DO191
DO192
DO193
DO194
DO195
DO196
DO197
DO198
DO199
DO200
DO201
DO202
DO203
DO204
DO205
DO206
DO207
DO208
DO209
DO210
DO211
DO212
DO213
DO214
DO215
DO216
DO217
DO218
DO219
DO220
DO221
DO222
DO223
DP165
DP166
DP167
DP168
DP169
DP170
DP171
DP172
DP173
DP174
DP175
DP176
DP177
DP178
DP179
DP180
DP181
DP182
DP183
DP184
DP185
DP186
DP187
DP188
DP189
DP190
DP191
DP192
DP193
DP194
DP195
DP196
DP197
DP198
DP199
DP200
DP201
DP202
DP203
DP204
DP205
DP206
DP207
DP208
DP209
DP210
DP211
DP212
DP213
DP214
DP215
DP216
DP217
DP218
DP219
DP220
DP221
DP222
DP223
DQ164
DQ165
DQ166
DQ167
DQ168
DQ169
DQ170
DQ171
DQ172
DQ173
DQ174
DQ175
DQ176
DQ177
DQ178
DQ179
DQ180
DQ181
DQ182
DQ183
DQ184
DQ185
DQ186
DQ187
DQ188
DQ189
DQ190
DQ191
DQ192
DQ193
DQ194
DQ195
DQ196
DQ197
DQ198
DQ199
DQ200
DQ201
DQ202
DQ203
DQ204
DQ205
DQ206
DQ207
DQ208
DQ209
DQ210
DQ211
DQ212
DQ213
DQ214
DQ215
DQ216
DQ217
DQ218
DQ219
DQ220
DQ221
DQ222
DQ223
DQ224
DR163
DR164
DR165
DR166
DR167
DR168
DR169
DR170
DR171
DR172
DR173
DR174
DR175
DR176
DR177
DR178
DR179
DR180
DR181
DR182
DR183
DR184
DR185
DR186
DR187
DR188
DR189
DR190
DR191
DR192
DR193
DR194
DR195
DR196
DR197
DR198
DR199
DR200
DR201
DR202
DR203
DR204
DR205
DR206
DR207
DR208
DR209
DR210
DR211
DR212
DR213
DR214
DR215
DR216
DR217
DR218
DR219
DR220
DR221
DR222
DR223
DR224
DR225
DS163
DS164
DS165
DS166
DS167
DS168
DS169
DS170
DS171
DS172
DS173
DS174
DS175
DS176
DS177
DS178
DS179
DS180
DS181
DS182
DS183
DS184
DS185
DS186
DS187
DS188
DS189
DS190
DS191
DS192
DS193
DS194
DS195
DS196
DS197
DS198
DS199
DS200
DS201
DS202
DS203
DS204
DS205
DS206
DS207
DS208
DS209
DS210
DS211
DS212
DS213
DS214
DS215
DS216
DS217
DS218
DS219
DS220
DS221
DS222
DS223
DS224
DS225
DS226
DT174
DT175
DT181
DT182
DT183
DT184
DT185
DT186
DT187
DT188
DT189
DT190
DT191
DT192
DT193
DT194
DT195
DT196
DT197
DT198
DT199
DT200
DT201
DT202
DT203
DT204
DT205
DT206
DT207
DT208
DT209
DT210
DT211
DT212
DT213
DT214
DT215
DT216
DT217
DT218
DT219
DT220
DT221
DT222
DT223
DT224
DT225
DT226
DT227
DU182
DU183
DU184
DU185
DU186
DU187
DU188
DU189
DU190
DU191
DU192
DU193
DU194
DU195
DU196
DU197
DU198
DU199
DU200
DU201
DU202
DU203
DU204
DU205
DU206
DU207
DU208
DU209
DU210
DU211
DU212
DU213
DU214
DU215
DU216
DU217
DU218
DU219
DU220
DU221
DU222
DU223
DU224
DU225
DU226
DU227
DU228
DV182
DV183
DV184
DV185
DV186
DV187
DV188
DV189
DV190
DV191
DV192
DV193
DV194
DV195
DV196
DV197
DV198
DV199
DV200
DV201
DV202
DV203
DV204
DV205
DV206
DV207
DV208
DV209
DV210
DV211
DV212
DV213
DV214
DV215
DV216
DV217
DV218
DV219
DV220
DV221
DV222
DV223
DV224
DV225
DV226
DV227
DV228
DV229
DW182
DW183
DW184
DW185
DW186
DW187
DW188
DW189
DW190
DW191
DW192
DW193
DW194
DW195
DW196
DW197
DW198
DW199
DW200
DW201
DW202
DW203
DW204
DW205
DW206
DW207
DW208
DW209
DW210
DW211
DW212
DW213
DW214
DW215
DW216
DW217
DW218
DW219
DW220
DW221
DW222
DW223
DW224
DW225
DW226
DW227
DW228
DW229
DW230
DW231
DX183
DX184
DX185
DX186
DX187
DX188
DX189
DX190
DX191
DX192
DX193
DX194
DX195
DX196
DX197
DX198
DX199
DX200
DX201
DX202
DX203
DX204
DX205
DX206
DX207
DX208
DX209
DX210
DX211
DX212
DX213
DX214
DX215
DX216
DX217
DX218
DX219
DX220
DX221
DX222
DX223
DX224
DX225
DX226
DX227
DX228
DX229
DX230
DX231
DY198
DY199
DY200
DY201
DY202
DY203
DY204
DY205
DY206
DY207
DY208
DY209
DY210
DY211
DY212
DY213
DY214
DY215
DY216
DY217
DY218
DY219
DY220
DY221
DY222
DY223
DY224
DY225
DY226
DY227
DY228
DY229
DY230
DY231
DZ198
DZ199
DZ200
DZ201
DZ202
DZ203
DZ204
DZ205
DZ206
DZ207
DZ208
DZ209
DZ210
DZ211
DZ213
DZ214
DZ215
DZ216
DZ217
DZ218
DZ219
DZ220
DZ221
DZ222
DZ223
DZ224
DZ225
DZ226
DZ227
DZ228
DZ229
DZ230
EA198
EA199
EA200
EA201
EA202
EA203
EA204
EA205
EA206
EA207
EA208
EA209
EA210
EA215
EA216
EA217
EA218
EA219
EA220
EA221
EA222
EA223
EA224
EA225
EA226
EA227
EA228
EA229
EA230
EB199
EB200
EB201
EB202
EB203
EB204
EB205
EB206
EB207
EB208
EB209
EB215
EB216
EB217
EB218
EB219
EB220
EB221
EB222
EB223
EB224
EB225
EB226
EB227
EB228
EB229
EB230
EB231
EB232
EC200
EC201
EC202
EC203
EC204
EC205
EC206
EC207
EC208
EC209
EC215
EC216
EC217
EC218
EC219
EC220
EC221
EC222
EC223
EC224
EC225
EC226
EC227
EC228
EC229
EC230
EC231
EC232
ED122
ED123
ED201
ED202
ED203
ED204
ED205
ED206
ED207
ED208
ED209
ED215
ED216
ED217
ED218
ED219
ED220
ED221
ED222
ED223
ED224
ED225
ED226
ED227
ED228
ED229
ED230
ED231
ED232
ED233
ED234
EE122
EE123
EE124
EE125
EE126
EE127
EE128
EE129
EE130
EE131
EE202
EE203
EE204
EE205
EE206
EE207
EE208
EE209
EE219
EE220
EE221
EE222
EE223
EE224
EE225
EE226
EE227
EE228
EE229
EE230
EE231
EE232
EE233
EE234
EF123
EF124
EF125
EF126
EF127
EF128
EF129
EF130
EF131
EF204
EF205
EF206
EF207
EF208
EF219
EF220
EF221
EF222
EF223
EF224
EF225
EF226
EF227
EF228
EF229
EF230
EF231
EF232
EF233
EF234
EG124
EG125
EG126
EG127
EG128
EG129
EG130
EG131
EG132
EG133
EG134
EG135
EG136
EG205
EG206
EG207
EG208
EG219
EG220
EG221
EG222
EG223
EG224
EG225
EG226
EG227
EG228
EG229
EG230
EG231
EG232
EG233
EG234
EG235
EH125
EH126
EH127
EH128
EH129
EH130
EH131
EH132
EH133
EH134
EH135
EH136
EH219
EH220
EH221
EH222
EH223
EH224
EH225
EH226
EH227
EH228
EH229
EH230
EH231
EH232
EH233
EH234
EH235
EI126
EI127
EI128
EI129
EI130
EI131
EI132
EI133
EI134
EI135
EI136
EI137
EI138
EI219
EI220
EI221
EI222
EI223
EI224
EI225
EI226
EI227
EI228
EI229
EI230
EI231
EI232
EI233
EI234
EI235
EI236
EJ126
EJ127
EJ128
EJ129
EJ130
EJ131
EJ132
EJ133
EJ134
EJ135
EJ136
EJ137
EJ138
EJ218
EJ219
EJ220
EJ221
EJ222
EJ223
EJ224
EJ225
EJ226
EJ227
EJ228
EJ229
EJ230
EJ231
EJ232
EJ233
EJ234
EJ235
EJ236
EK128
EK129
EK130
EK131
EK132
EK133
EK134
EK135
EK136
EK137
EK138
EK139
EK140
EK141
EK142
EK143
EK144
EK145
EK146
EK218
EK219
EK220
EK221
EK222
EK223
EK224
EK225
EK226
EK227
EK228
EK229
EK230
EK231
EK232
EK233
EK234
EK235
EK236
EL128
EL129
EL130
EL131
EL132
EL133
EL134
EL135
EL136
EL137
EL138
EL139
EL140
EL141
EL142
EL143
EL144
EL145
EL146
EL218
EL219
EL220
EL221
EL222
EL223
EL224
EL225
EL226
EL227
EL228
EL229
EL230
EL231
EL232
EL233
EL234
EL235
EL236
EM128
EM129
EM130
EM131
EM132
EM133
EM134
EM135
EM136
EM137
EM138
EM139
EM140
EM141
EM142
EM143
EM144
EM145
EM146
EM218
EM219
EM220
EM221
EM222
EM223
EM224
EM225
EM226
EM227
EM228
EM229
EM230
EM231
EM232
EM233
EM234
EM235
EM236
EN136
EN137
EN138
EN139
EN140
EN141
EN142
EN143
EN144
EN145
EN146
EN220
EN221
EN222
EN223
EN224
EN225
EN226
EN227
EN228
EN229
EN230
EN231
EN232
EN233
EN234
EN235
EN236
EO136
EO137
EO138
EO139
EO140
EO141
EO142
EO143
EO144
EO145
EO146
EO221
EO222
EO223
EO224
EO225
EO226
EO227
EO228
EO229
EO230
EO231
EO232
EO233
EO234
EO235
EO236
EO237
EP138
EP139
EP140
EP141
EP142
EP143
EP144
EP145
EP146
EP222
EP223
EP224
EP225
EP226
EP227
EP228
EP229
EP230
EP231
EP232
EP233
EP234
EP235
EP236
EP237
EP238
EQ138
EQ139
EQ140
EQ141
EQ142
EQ143
EQ224
EQ225
EQ226
EQ227
EQ228
EQ229
EQ230
EQ231
EQ232
EQ233
EQ234
EQ235
EQ236
EQ237
EQ238
ER225
ER226
ER227
ER228
ER229
ER230
ER231
ER232
ER233
ER234
ER235
ER236
ER237
ER238
ES226
ES227
ES228
ES229
ES230
ES231
ES232
ES233
ES234
ES235
ES236
ES237
ES238
ET226
ET227
ET228
ET229
ET230
ET231
ET232
ET233
ET234
ET235
ET236
ET237
ET238
EU226
EU227
EU228
EU229
EU230
EU231
EU232
EU233
EU234
EU235
EU236
EU237
EU238
EU239
EV227
EV228
EV229
EV230
EV231
EV232
EV233
EV234
EV235
EV236
EV237
EV238
EV239
EW227
EW228
EW229
EW230
EW231
EW232
EW233
EW234
EW235
EW236
EW237
EW238
EW239
EW240
EX227
EX228
EX229
EX230
EX231
EX232
EX233
EX234
EX235
EX236
EX237
EX238
EX239
EX240
EY228
EY229
EY230
EY231
EY232
EY233
EY234
EY235
EY236
EY237
EY238
EY239
EY240
EZ228
EZ229
EZ230
EZ231
EZ232
EZ233
EZ234
EZ235
EZ236
EZ237
EZ238
EZ239
EZ240
FA229
FA230
FA231
FA232
FA233
FA234
FA235
FA236
FA237
FA238
FA239
FA240
FB229
FB230
FB231
FB232
FB233
FB234
FB235
FB236
FB237
FB238
FB239
FB240
FC229
FC230
FC231
FC232
FC233
FC238
FD230
FD231
FD232
FD233
FD234
FE230
FE231
FE232
FE233
FF231
FF232
